text,label,language
"Подскажите пожалуйста, Не работает электронноя библиотека. Уже несколько дний не могу решить проблему.",Библиотека,ru
Лектор не пришел на занятие,Преподаватели,ru
Не могу зарегистрироваться на курс. Это очень важно.,Регистрация,ru
professor ignores messages,Преподаватели,en
"Could you please help me, course registration failed. I need urgent help.",Регистрация,en
I need to apply for temporary residence permit,Иностранные студенты,en
The library system is not responding,Библиотека,en
I have a problem: The list of books is not displayed,Библиотека,en
I cannot open the electronic textbook,Библиотека,en
"Please help, I cannot complete temporary registration. Please help me.",Иностранные студенты,en
не могу получить insurance,Иностранные студенты,mixed
"Подскажите пожалуйста, регистрация слетела",Регистрация,ru
I cannot choose a discipline,Регистрация,en
не могу pay tuition,Финансы,mixed
"Good afternoon, I cannot get a certificate. I need urgent help.",Документы,en
Не магу получеть обратную связь,Преподаватели,ru
Не знаю какие документы нужны для визы,Иностранные студенты,ru
"Добрый день, Документ не готов. Уже несколько дней не могу решить проблему.",Документы,ru
деньги charged but статус unpaid,Финансы,mixed
The enrollment certificate is not loading,Документы,en
"Подскажите пожалуйста, portal не открывается. Срочно нужна помощь.",IT-проблемы,mixed
"Hello, The class disappeared from the schedule. I do not know what to do.",Расписание,en
препод игнорит,Преподаватели,ru
Ошибка поиска книги,Библиотека,ru
"Добрый день, Нужно оформить РВП. Я не знаю, что делать.",Иностранные студенты,ru
Преподаватель поставил неправильную оценку,Преподаватели,ru
I have a problem: can't enroll in course. I do not know what to do.,Регистрация,en
Платеж не проходит. Уже несколько дней не могу решить проблему.,Финансы,ru
универ сайт лагоет,IT-проблемы,ru
ошибка регестрацеи,Регистрация,ru
Расписанеи отображается неправильнно,Расписание,ru
Не работает электронная библиоттека,Библиотека,ru
I have a problem: lecturer canceled the class. I need urgent help.,Преподаватели,en
препод игнорит,Преподаватели,ru
У меня проблима: не вижу оценки. Помогите пожалуйста.,Экзамены,ru
The document contains an error,Документы,en
"Hello, I cannot get a place in the dormitory",Иностранные студенты,en
There is a problem with the online schedule,Расписание,en
"Здравствуйте, migration card проблема. Я не знаю, что делать.",Иностранные студенты,mixed
I cannot chooze a disciplne,Регистрация,en
Ошибка при входе в электронную библиотеку,Библиотека,ru
"Could you please help me, document request not processed. Please help me.",Документы,en
У меня проблема: Пара стоит в неправильный день. Это очень важно.,Расписание,ru
I do not heve accass to exam information,Экзамены,en
"Подскажите пожалуйста, расписание shows wrong classroom. Это очень важно.",Расписание,mixed
"Помогите, Не могу открыть экзаменационный лист. Уже несколько дней не могу решить проблему.",Экзамены,ru
У меня проблема: Ошибка оплаты. Уже несколько дней не могу решить проблему.,Финансы,ru
Не могу получить студенческий билет,Документы,ru
Проблема с преподавателем,Преподаватели,ru
"Помогитте, нне вижу пару. Срочно нужна помощь.",Расписание,ru
Не могу оплатить семестр,Финансы,ru
"Good afternoon, The system does not accept my file",IT-проблемы,en
schedule is wrong,Расписание,en
The university website is lagging. I have been trying to zolve this for several days.,IT-проблемы,en
"Добрый день, Книга недоступна. Я не знаю, что делать.",Библиотека,ru
зачет missing in system,Экзамены,mixed
teacher игнорит сообщения,Преподаватели,mixed
There is a problem with exam results,Экзамены,en
I have a problem: There is not enough information for international students. I do not know what to do.,Иностранные студенты,en
Не загружается электронная платформа,IT-проблемы,ru
There is a problem with my librar account,Библиотека,en
can't enroll in course,Регистрация,en
Не могу оплатет семестр,Финансы,ru
Лектор не пришел на занятие,Преподаватели,ru
"Please help, The teacher replies rudely. I need urgent help.",Преподаватели,en
"Could you please help me, book file does not open",Библиотека,en
Error while viewing grades,Экзамены,en
"Здравствуйте, Не могу выбрать дисциплину. Это очень важно.",Регистрация,ru
не могу забрать справку,Документы,ru
"Подскажите пожалуйста, Проблема с миграционной картой. Это очень важно.",Иностранные студенты,ru
medical tests were rejected. This is very important.,Иностранные студенты,en
I have a prolem with a teacher,Преподаватели,en
Неврно указано время занятия,Расписание,ru
"Good afternoon, Error while searching for a book. I need urgent help.",Библиотека,en
Не могу зарегистрироваться на семестр,Регистрация,ru
"Could you please help me, The library website does not let me download the file. I have been trying to solve this for several days.",Библиотека,en
Не отображается информация об оплате,Финансы,ru
"Помогите, Транскрипт не готов. Я не знаю, что делать.",Документы,ru
portal не отткрывается,IT-проблемы,mixed
My insurance is not displayed in the system,Иностранные студенты,en
Система отклоняет оплату,Финансы,ru
нужна help with dormitory,Иностранные студенты,mixed
не могу логениться,IT-проблемы,ru
Не работает личный кабинет,IT-проблемы,ru
"Good afternoon, The enrollment certificate is not loading",Документы,en
"Подскажите пожалуйста, Ошибка при входе в электронную библиотеку. Это очень важно.",Библиотека,ru
"Добрый день, Преподаватель поставил неправильную оценку. Срочно нужна помощь.",Преподаватели,ru
не могу download книгу,Библиотека,mixed
"Здравствуйте, Преподаватель игнорирует сообщения. Срочно нужна помощь.",Преподаватели,ru
"Hello, I cannot access the library",Библиотека,en
I have a problem: The document status is not displayed. I do not know what to do.,Документы,en
Нет доступа к документам,Документы,ru
I cannot access the library,Библиотека,en
Преподаватель не проверяет задания,Преподаватели,ru
Нужна акадеическая справка,Документы,ru
"Дабрый деннь, нужен certificate для визы. Помогите пожалуйста.",Документы,mixed
"Hello, The document status is not displayed. I have been trying to solve this for several days.",Документы,en
Не могу посмотреть реультаты,Экзамены,ru
"Could you please help me, The teacher does not reply to messages. I do not know what to do.",Преподаватели,en
The registration was canceled automatically. e have been trying to solve this for sevaral days.,Регистрация,en
I cannot log in to my student account,IT-проблемы,en
Платеж прошел два раза,Финансы,ru
I have a problem: The system does not allow me to choose a group. I do not know wha to do.,Регистрация,en
Паспортные данные указаны неверно,Иностранные студенты,ru
passport issue with uneversity office. This iz very important.,Иностранные студенты,en
There is a registration problem. I need urgent help.,Регистрация,en
не вижу schedule на сегодня,Расписание,mixed
"Подскажите пожалуйста, кабинет не грузится. Срочно нужна помощь.",IT-проблемы,ru
The document contains an error,Документы,en
I have a problem accessing the university portal,IT-проблемы,en
Ошибка сервера при открытии страницы. Это очень важно.,IT-проблемы,ru
Система не дает выбрать группу,Регистрация,ru
Проблема с библиотечным аккаунтом,Библиотека,ru
"Could you please help me, My foreign documents are not accepted. I need urgent help.",Иностранные студенты,en
"Добрый день, Не могу выбрать дисциплину. Это очень важно.",Регистрация,ru
The teacher is ignoring my messages,Преподаватели,en
Не хватает инфомации для иностранных студентов,Иностранные студенты,ru
The class was moved without notificateon,Расписание,en
Система не принимает заявление,Документы,ru
Не согласен с оценкой преподавателя,Преподаватели,ru
"Подскжите пожалуйста, Пара исчезла из расписания. Срочно нужна помощь.",Расписание,ru
"Could you please help me, I need housing as an international student. I need urgent help.",Иностранные студенты,en
"Помогите, не могу download справку. Уже несколько дней не могу решить проблему.",Документы,mixed
"Здравсттвуйте, электронка библиотеки лагает. Уже нескалько дней не могу решить проблему.",Библиотека,ru
"Здравствуйте, лектор отменил пару. Срочно нужна помащь.",Преподаватели,ru
Ошибка при регистрации на предмет,Регистрация,ru
The grade is unfair,Преподаватели,en
I have a problem: dormitory confirmation is mizsing. I have been trying to solve this for several days.,Иностранные студенты,en
The payment is stuck in the system,Финансы,en
Система отклоняет оплату,Финансы,ru
"Здравствуйте, деньги сняли а статус unpaid",Финансы,ru
"Помогите, паспорт не приняли в деканате. Срочно нужна помощь.",Иностранные студенты,ru
A regestration error occurred. I do not know what to do.,Регистрация,en
В расписании нет моей группы,Расписание,ru
деньги сняли а статус unpaid,Финансы,ru
Система выдает ошибку при авторизации,IT-проблемы,ru
У меня проблема: Не знаю какие документы нужны для визы. Уже несколько дней не могу решить проблему.,Иностранные студенты,ru
Возникла ошибка регистрации,Регистрация,ru
teacher игнорит сообщения,Преподаватели,mixed
"Coul you please help me, course registration failed. I have been trying to solve this for several days.",Регистрация,en
Не удается скачать учебный материал,Библиотека,ru
"Hello, Error while viewing grades. This is very important.",Экзамены,en
exam results disappeared,Экзамены,en
passport данные неправильные,Иностранные студенты,mixed
У меня проблема: Нет доступа к документам. Это очень важно.,Документы,ru
"Good afternoon, The student portal is not working. Please help me.",IT-проблемы,en
"Подскажите пожалуйста, Проблема при выборе учебной программы. Уже несколько дней не могу решить проблему.",Регистрация,ru
"личный кабнет не работает. Я не знаю, что делать.",IT-проблемы,ru
There is a problem with exam results,Экзамены,en
I need help with my passport. I do not know what to do.,Иностранные студенты,en
"Could you please help me, The pass result is misseng. I nead urgent help.",Экзамены,en
У меня проблема: регистрация слетела. Срочно нужна помощь.,Регистрация,ru
money charged but still unpaid,Финансы,en
"Здравствуйте, Не могу зарегистрироваться на семестр. Я не знаю, что делать.",Регистрация,ru
My foreign documents are not accepted,Иностранные студенты,en
Не могу найти аудиторию,Расписание,ru
"Could you please help me, professor ignores messages. Please help me.",Преподаватели,en
I do not have access to study materials,Библиотека,en
"Please help, There is a conflict in the class schedule",Расписание,en
dorm payment issue,Финансы,en
I cannot get medical insurance,Иностранные студенты,en
"Подскажите пожалуйста, Система выдает ошибку при авторизации. Эта очень важно.",IT-проблемы,ru
There is a problem with the online schedule,Расписание,en
"Подскажите пожалуйста, Не могу отправить задание через платформу. Это очень важно.",IT-проблемы,ru
payment прошел но квитанции нет,Финансы,mixed
"Добрый день, Не могу открыть экзаменационный лист. Срочно нужна помощь.",Экзамены,ru
"Please help, The grade is unfair. Please help me.",Преподаватели,en
Не могу зарегистрироваться на курс,Регистрация,ru
There is a problem with the payment. This is very important.,Финансы,en
registration для foreign student не готова,Иностранные студенты,mixed
Результаты появились с ошибкой,Экзамены,ru
Регистрация была отменена автоматически,Регистрация,ru
"Good afternoon, There is a problem with document processing. I do not know what to do.",Документы,en
"Good afternoon, The system does not accept my file. I have been trying to solve this for several days.",IT-проблемы,en
The passport copy was not accepted,Иностранные студенты,en
The schedule in the system does not match,Расписание,en
I have a problem: The digital library is not working. Please help me.,Библиотека,en
Оценка отсутствует в системе,Экзамены,ru
I cannot get a certificate. Please help me.,Документы,en
A registrateon error occurred,Регистрация,en
The teacher replies rudely,Преподаватели,en
У меня проблема: не могу download книгу. Срочно нужна помощь.,Библиотека,mixed
The system does not accept my application,Документы,en
"Good afternoon, Error while requesting a document. I do not know what to do.",Документы,en
"Could you please help me, Error while viewing grades",Экзамены,en
зачет не поставили,Экзамены,ru
"Здравствуйте, Не могу посмотреть результаты. Помогите пожалуйста.",Экзамены,ru
Платеж не проходит,Финансы,ru
У меня проблема: нужен certificate для визы. Уже несколько дней не могу решить проблему.,Документы,mixed
Не могу восстановитть пароль. Помагите пожалуйста.,IT-проблемы,ru
препод не отвечает in chat,Преподаватели,mixed
"Hello, There is a problem with the payment. I do not know what to do.",Финансы,en
"Подскажите пожалуйста, Документ не готов. Я не знаю, что делать.",Документы,ru
There is no information in English,Иностранные студенты,en
"Подскажите пожалуйста, Жалоба на преподавателя. Уже несколько дней не могу решить проблему.",Преподаватели,ru
Платеж не проходит. Уже несколько дней не могу решить проблему.,Финансы,ru
Проблема с регистрацией,Регистрация,ru
student account не работает,IT-проблемы,mixed
"Hello, I need help with my passport. Please help me.",Иностранные студенты,en
I have a problem: I have a problem renewing a book. I need urgent help.,Библиотека,en
"Подскажите пожалуйста, Нет досттупа к информации об экзамене",Экзамены,ru
"Hello, The payment is stuck in the system. I have been trying to solve this for several days.",Финансы,en
I do not have access to documents. I need urgent help.,Документы,en
I have a problem: There is a problem with exam results. This is very important.,Экзамены,en
У меня проблема: Не могу продлить срок книги. Уже несколько дней не могу решить проблему.,Библиотека,ru
Не могу отправить задании через платформу,IT-проблемы,ru
I have a problem accessing the university portal,IT-проблемы,en
The grade is incorrect,Экзамены,en
Конфликт в расписании занятий,Расписание,ru
"Здравствуйте, Неправильно стоит оценка за тест. Это очень важнно.",Экзамены,ru
"Добрый день, Система выдает ошибку при авторизации",IT-проблемы,ru
Не могу зарегистрироваться на семистр,Регистрация,ru
Ошибка при регисрации на предмет,Регистрация,ru
Не отображаются результаты экзамена,Экзамены,ru
Лектор не пришел на занятие,Преподаватели,ru
Не могу получить студенческий билет,Документы,ru
The payment is stuck in the system,Финансы,en
The teacher did not upload the materials,Преподаватели,en
"Please help, wrong classroom in schedule. e need urgent help.",Расписание,en
The system does not accept my application,Документы,en
"Please help, I cannot reset my password",IT-проблемы,en
"Please help, Error while viewing grades. Please help me.",Экзамены,en
Не могу зайти в кабинет,IT-проблемы,ru
"Помогите, Не могу зайти в кабинет. Уже несколько дней не могу решить проблему.",IT-проблемы,ru
There is a problem with exam results. I need urgent help.,Экзамены,en
"Hello, I do not know how to extend my registration. I have been trying to solve this for several days.",Иностранные студенты,en
login problem in university system,IT-проблемы,en
аплата не проходит,Финансы,ru
аудитория не та. Это очень важно.,Расписание,ru
Библиотека не дает скачать файл,Библиотека,ru
не доет enroll в предмет,Регистрация,mixed
I cannot contact the teacher,Преподаватели,en
"Good afternoon, Exam registration is not displayed. I have been trying to solve this for several days.",Регистрация,en
lecturer canceled the class,Преподаватели,en
Error while applying for a visa,Иностранные студенты,en
book file does not open,Библиотека,en
лектор отменил пару,Преподаватели,ru
не вижу exam results,Экзамены,mixed
"Hello, The system does not accept my applecati0n",Документы,en
"Подскажите пожалуйста, Документ оформлин с ошибкой",Документы,ru
"Добрый день, Ошибка при просмотре оценок. Это очень важно.",Экзамены,ru
училка не проверила работу,Преподаватели,ru
Лектор не пришел на занятие,Преподаватели,ru
"Подскажитте пожалуйста, Не могу получить место в общежитии. Уже нескалько дне не могу решеть проблему.",Иностранные студенты,ru
"Hello, registration error. Please help me.",Регистрация,en
Ошибка в оценках,Экзамены,ru
Ни могу получить справку,Документы,ru
"Здравствуйте, Занятее перенесена без уведомления",Расписание,ru
I have a problem: money charged but still unpaid. Please help me.,Финансы,en
The tuition invoice is displayed incorrectly,Финансы,en
У меня проблема: grade неправилный,Экзамены,mixed
Ни могу отправеть заданее чериз платформу,IT-проблемы,ru
"Please help, The payment is stuck in the system",Финансы,en
"Здравствуйте, teacher игнорит сообщения. Помогите пожалуйста.",Преподаватели,mixed
Не загружается электронная платформа,IT-проблемы,ru
Не могу отправить задание через платформу. Это очень важно.,IT-проблемы,ru
"Good afternoon, The system shows an errr during authorization",IT-проблемы,en
не могу записаться,Регистрация,ru
There is a conflict with a teacher,Преподаватели,en
У меня проблема: сайт универа keeps crashing,IT-проблемы,mixed
There is a problem paying for the dormitory,Финансы,en
У меня проблема: лектор отменил пару. Помогите пожалуйста.,Преподаватели,ru
"Добрый день, Не удается скачать учебный материал. Я не знаю, что делать.",Библиотека,ru
расписание shows wrong classroom,Расписание,mixed
зачет missing in system,Экзамены,mixed
"Could you please help me, The class disappeared from the schedule. I do not know what to do.",Расписание,en
I have a problem: course registration failed. I do not know what to do.,Регистрация,en
"Please help, digital library is lagging. I need urgent help.",Библиотека,en
digital library is lagging,Библиотека,en
деканат не обновил документ,Документы,ru
не вижу exam results,Экзамены,mixed
У меня проблема: Документ не готов. Уже несколько дней не могу решить проблему.,Документы,ru
teacher игнорит сообщения,Преподаватели,mixed
"Помогите, не вижу оценки. Это очень важно.",Экзамены,ru
"Hello, The money was charged but the payment was not confirmed. This is very important.",Финансы,en
не могу login в личный кабинет,IT-проблемы,mixed
"Помогите, Пара исчезла из расписания. Это очень важно.",Расписание,ru
Ошибка при регистрации на предмет,Регистрация,ru
The tuition invoice is displayed incorrectly,Финансы,en
"Здравствуйте, мед анализы не приняли. Я не знаю, что делать.",Иностранные студенты,ru
"Could you please help me, login problem in university system",IT-проблемы,en
"Good afternoon, I have a problem with a teacher. I have been trying to solve this for several days.",Преподаватели,en
"Подскажите пожалуйста, Курс недоступен для регистрации. Это очень важно.",Регистрация,ru
"Good afternoon, The teacher replies rudely. Please help me.",Преподаватели,en
не дает выбрать курс,Регистрация,ru
регистрацея слетела,Регистрация,ru
"Подскажите пожалуйста, Не отображается регистрация на экзамен. Я не знаю, что делать.",Регистрация,ru
The documant c0ntains an error,Документы,en
I disagree with the teacher's grade. I have been trying to solve this for several days.,Преподаватели,en
"Здравствуйте, Система не позволяет зарегистрироваться. Я не знаю, что делать.",Регистрация,ru
I have a problem: I cannot enroll in a subject. Please help me.,Регистрация,en
I cannt extend my visa,Иностранные студенты,en
У меня проблема: паспорт не приняли в деканате,Иностранные студенты,ru
"Помогите, Преподаватель грубо отвечает. Я не знаю, что делать.",Преподаватели,ru
I cannot enroll in a subject,Регистрация,en
"Здравствуйте, Платформа не принимает файл",IT-проблемы,ru
I cannot complete my residence registration,Иностранные студенты,en
Проблема с университетскими документами,Документы,ru
I have a problem: I cannot get a certificate,Документы,en
The schedule in the system does not match,Расписание,en
Не могу посмотреть результаты,Экзамены,ru
Ошибка в расписании,Расписание,ru
Изменилось время занятий,Расписание,ru
"Good afternoon, I do not have access to exam information",Экзамены,en
"Please help, I did not receive credit for the exam. This is very important.",Экзамены,en
I have a problem: wrong exam grade. This is very important.,Экзамены,en
The online learning system is ot working,IT-проблемы,en
visa extnsion problem,Иностранные студенты,en
"Please help, I have a problem renewing a book. I do not know what to do.",Библиотека,en
"Здравствуйте, ошибка регестрации. Это очень важно.",Регистрация,ru
нужен certificate для визы,Документы,mixed
Не отображаются результаты экзамена,Экзамены,ru
library account не работает,Библиотека,mixed
"Подскажите пожалуйста, Жалоба на преподавателя. Срочно нужна помощь.",Преподаватели,ru
"Could you please help me, I did not receive credit for the exam. I do not know what to do.",Экзамены,en
Login error in my account,IT-проблемы,en
There is a conflect in the class schedule,Расписание,en
"Please help, The library website does not let me download the file. I need urgent help.",Библиотека,en
"Hello, My transcript is not ready. I do not know what to do.",Документы,en
Ошибка в расписании,Расписание,ru
"Памогите, не могу записаться. Это очень важнно.",Регистрация,ru
Не работает электронная библиотека,Библиотека,ru
"Помогите, Не могу посмотреть результаты. Уже несколько дней не могу решить проблему.",Экзамены,ru
"Сайт университета не открывается. Я не знаю, что делать.",IT-проблемы,ru
не вижу exam results,Экзамены,mixed
"Здравствуйте, личный кабнет не работает",IT-проблемы,ru
"Could you please help me, Error while registering for a subject",Регистрация,en
The payment receipt did not arrive,Финансы,en
uni website is down. Please help me.,IT-проблемы,en
teacher игнорит сообщения,Преподаватели,mixed
"Could you please help me, I cannot pay for the semester. I need urgent help.",Финансы,en
There is an error in my grades,Экзамены,en
"Добрый день, ашибка при оплате через портал. Помогите пожалуйста.",Финансы,ru
"C0uld you please help me, Exam enrollmant is not 0pening. I need urgent help.",Регистрация,en
Книга недоступна,Библиотека,ru
Сайт университета лагает,IT-проблемы,ru
"Помогите, не понимаю что делать с визой. Я не знаю, что делать.",Иностранные студенты,ru
There is a problem with the migration office,Иностранные студенты,en
Система выбрасывает меня из аккаунта. Уже несколько дней не могу решить проблему.,IT-проблемы,ru
I disagree with the teacher's grade,Преподаватели,en
I have a problem: The study material is blocked. Please help me.,Библиотека,en
The registration was canceled automatically. I have been trying to solve this for several days.,Регистрация,en
"книга не открывается. Я не зннаю, что делать.",Библиотека,ru
"Подскажите пожалуйста, Не пришла квитанция об оплате. Уже несколько дней не могу решить проблему.",Финансы,ru
Не хватает информации для иностранных студентов,Иностранные студенты,ru
не вижу exam results,Экзамены,mixed
Не согласен с оценкой преподавателя,Преподаватели,ru
The class was moved without notification,Расписание,en
не могу egister на курс,Регистрация,mixed
Не могу найти аудиторию,Расписание,ru
"Hello, digital library is lagging. Please help me.",Библиотека,en
I cannot choose a discipline. I do not know what to do.,Регистрация,en
Проблема с оформлением документов,Документы,ru
I have a problem: The teacher does not reply to messages. This is very important.,Преподаватели,en
The international students office does not reply,Иностранные студенты,en
I cannot complete the registration,Регистрация,en
document tatus не обновляется,Документы,mixed
I cannot enroll in a subject,Регистрация,en
Преподаватель поставил неправильную оценку. Помогите пожалуйста.,Преподаватели,ru
Не могу получить справку,Документы,ru
I hae a problem with a teacher,Преподаватели,en
"Hello, I cannot contact the teacher. Please help me.",Преподаватели,en
Не могу оплатить семестр,Финансы,ru
I have a problem: Error while requesting a document. I do not know what to do.,Документы,en
There es a problem ch0osing the ztudy program,Регистрация,en
registration для foreign studen не готова,Иностранные студенты,mixed
"Подскажите пожалуйста, Не открывается запись на экзамен. Это очень важно.",Регистрация,ru
"Good afternoon, The grade is unfair. Please help me.",Преподаватели,en
"Подскажите пожалуйста, Проблема с онлайн расписанием. Это очень важно.",Расписание,ru
"Помогите, расписание кривое. Уже несколько дней не могу решить проблему.",Расписание,ru
"Please help, There is a conflict in the class schedule. This is very important.",Расписание,en
Нужна помощь с жильем,Иностранные студенты,ru
не могу register на курс. Срочно нужна помощь.,Регистрация,mixed
не могу extend visa. Это очень важно.,Иностранные студенты,mixed
"Good afternoon, The schedule is displayed incorrectly. I do not know what to do.",Расписание,en
Жалоба на преподавателя,Преподаватели,ru
"Здравствуйте, Не могу получить квитанцию",Финансы,ru
Exam results are not displayed,Экзамены,en
The system shows an error during authorization,IT-проблемы,en
exam results disappeared. I need urgent help.,Экзамены,en
"Please help, I cannot complete the registration. I do not know what to do.",Регистрация,en
I have a problem: student account not loading. This is very important.,IT-проблемы,en
uni website is down,IT-проблемы,en
"Could you please help me, The schedule in the system does n0t match. I need urgent help.",Расписание,en
"Добрый день, Не могу восстановить пароль. Помогите пожалуйста.",IT-проблемы,ru
I have a problem: document request not processed. I have been trying to solve this for several days.,Документы,en
Ошибка при оплате через портал,Финансы,ru
Счит за обучение атображается неверно,Финансы,ru
"Could you please help me, There is an error in my grades. I have been trying to solve this for several days.",Экзамены,en
"Помогите, Не отображается информация об оплате. Я не знаю, что делать.",Финансы,ru
login pr0blem in university system. This is very important.,IT-проблемы,en
teacher игнорит сообщения,Преподаватели,mixed
There is an error in my grades,Экзамены,en
I do not know what documents are needed for visa. I do not know what to do.,Иностранные студенты,en
"Помогите, Нет доступа к учебным материалам. Помогите пожалуйста.",Библиотека,ru
The document is not ready,Документы,en
Регистрация была отменена автоматически,Регистрация,ru
"Could you please help me, I cannot get my student ID card. I have been trying to solve this f0r several days.",Документы,en
"Подскажите пожалуйста, Не могу получить студенческий билет. Уже несколько дней не могу решить проблему.",Документы,ru
Не знаю как продлить регистрацию,Иностранные студенты,ru
"Добрый день, регистрация слетела. Я не знаю, что делать.",Регистрация,ru
"Здравствуйте, Книга недоступна. Срочно нужна помощь.",Библиотека,ru
I have a problem: exam results disappeared. This is very important.,Экзамены,en
"Подскажите пожалуйста, не дает enroll в предмет",Регистрация,mixed
The online learning system is not working,IT-проблемы,en
"Good afternoon, My document request is stuck in the system. This is very important.",Документы,en
I cannot accass the lebrary,Библиотека,en
Не могу записаться на предмет,Регистрация,ru
"Помогите, document status не обновляется",Документы,mixed
"Could you please help me, There is a problem paying for the dormitory. This is very important.",Финансы,en
The library website does not let me download the file,Библиотека,en
Система выбрасывает меня из аккаунта,IT-проблемы,ru
Не могу продлить срок книги,Библиотека,ru
"Could you please help me, The teacher canceled the class. Pleese halp me.",Преподаватели,en
экзамен не отображается. Срочно нужна помощь.,Экзамены,ru
"Hello, The student portal is not working. I do not know what to do.",IT-проблемы,en
I have a problem: I need an academic certificate. I do not know what to do.,Документы,en
"Подскажите пожалуйста, Не приходит код подтверждения. Уже несколько дней не могу решить проблему.",IT-проблемы,ru
Error while viewing grades,Экзамены,en
"Could you please help me, tuition payment problem",Финансы,en
не вижу exam results,Экзамены,mixed
Преподаватель игнорируит сообщения,Преподаватели,ru
"Hello, A registration error occurred. Please help me.",Регистрация,en
There is a problem with dormitory for international students. I need urgent help.,Иностранные студенты,en
Конфликт в расписании занятий,Расписание,ru
The tuition invoice is displayed incorrectly,Финансы,en
"Добрый деннь, личный кабнет не рабатает. Помогите пожалуйста.",IT-проблемы,ru
receipt is missing. I have been trying to solve this for several days.,Финансы,en
I have a problem renewing a book. I do not know what to do.,Библиотека,en
не могу оплатить общагу,Финансы,ru
Error while applying for a visa,Иностранные студенты,en
The grade is missing in the system. I have been trying to solve this for several days.,Экзамены,en
My document request is stuck in the system,Документы,en
Не могу выбрать дисциплину,Регистрация,ru
Жалоба на преподавателя,Преподаватели,ru
I do not have access to exam information,Экзамены,en
library account не работает,Библиотека,mixed
У меня проблема: Не приходит код подтверждения. Помогите пожалуйста.,IT-проблемы,ru
I cannot reset my password,IT-проблемы,en
Заявление зависло в системе,Документы,ru
училка не проверила работу,Преподаватели,ru
I cannot extend the book loan period,Библиотека,en
I have a problem: There is a problem with the payment. Thiz is very important.,Финансы,en
"Hello, I cannot complete the registration. This is very important.",Регистрация,en
"Could you please help me, My studant poral is frozen. This is very important.",IT-проблемы,en
"Добрый день, не вижу schedule на сегодня. Помогите пожалуйста.",Расписание,mixed
не вижу exam rsults,Экзамены,mixed
"Помогите, Проблема с университетскими документами. Помогите пожалуйста.",Документы,ru
"Добрый день, аплата не проходит. Уже несколько дней не могу решить проблему.",Финансы,ru
Payment information is not displayed,Финансы,en
I have a problem: The payment receipt did not arrive,Финансы,en
I need a document for my visa,Документы,en
"Помогите, Не получается завершить регистрацию. Срочно нужна помощь.",Регистрация,ru
"Добрый день, не вижу exam results",Экзамены,mixed
"Please help, I cannot see my class. This is very important.",Расписание,en
электронная library лагает,Библиотека,mixed
препод игнорит,Преподаватели,ru
Документ офармлен с ошибкой,Документы,ru
Изменилось время занятий,Расписание,ru
"Could you please help me, uni website is down. This is very important.",IT-проблемы,en
"Hello, exam results disappeared. e have been trying to solve this for severel days.",Экзамены,en
The results appeared with an error,Экзамены,en
Не отображается статус документа,Документы,ru
Error while registering for a subject,Регистрация,en
I cannot extend my visa. Please help me.,Иностранные студенты,en
"Please help, Exam registration is not displayed. I do not know what to do.",Регистрация,en
"Please help, The system does not accept my file. I have baen trying to solve this for severel days.",IT-проблемы,en
Результаты появились с ошибкой,Экзамены,ru
"Подскажитте пожалуйста, Не работает онлайн система обучения. Помогите пожалуйста.",IT-проблемы,ru
medical tests не приняли,Иностранные студенты,mixed
У меня проблема: Не сопадает распесание в системе. Срочно нужна помощь.,Расписание,ru
I do not have access to study matarials,Библиотека,en
Не могу получить справку,Документы,ru
У меня проблема: Нит доступа к информации об экзамене. Уже несколька дней не могу решить проблему.,Экзамены,ru
"Please help, I have a problem accessing the university portal. I do not know what to do.",IT-проблемы,en
Сайт университета не открывается,IT-проблемы,ru
У меня проблема: Не принимают копию паспорта. Срочно нужна помощь.,Иностранные студенты,ru
I have a problem: I cannot get a receipt. I need urgent help.,Финансы,en
Ошибка при оформлении визы,Иностранные студенты,ru
tuition payment problem,Финансы,en
книга не открывается,Библиотека,ru
The university website does not open,IT-проблемы,en
"Hello, The online learning system is not working. This is very important.",IT-проблемы,en
"Hello, Error while paying through the portal. Please help me.",Финансы,en
I have a problem: I cannot complete the registration. I need urgent help.,Регистрация,en
I cannot open the electronic textbook,Библиотека,en
н понимаю что делать с визой,Иностранные студенты,ru
"Помогите, Преподаватель отменил занятие. Это очень важно.",Преподаватели,ru
"Подскажите пожалуйста, Не могу войти в систему",IT-проблемы,ru
не могу оплатить общагу,Финансы,ru
"У меня проблема: Не могу оформить временную регистрацию. Я не знаю, что делать.",Иностранные студенты,ru
I have a problem: I cannot complete the registration. I need urgent help.,Регистрация,en
"Could you please help me, I cannot get a certificate. I have been trying to zolve this for several days.",Документы,en
"Good afternoon, The library system is not responding. I need urgent help.",Библиотека,en
"Please help, The platform logs me out automatically. This is very important.",IT-проблемы,en
резы экзамена пропали,Экзамены,ru
"Please help, The teacher does not reply to messages. Please help me.",Преподаватели,en
"Помогите, Не пришла квитанция об оплате. Срочно нужна помощь.",Финансы,ru
Не могу открыть экзаменационный лист,Экзамены,ru
"Подскажитте пожалуйста, Нет даступа к документтам. Срочно нужна помощь.",Документы,ru
Библиотека не дает скачать файл. Это очень важно.,Библиотека,ru
Не могу получить квитанцию,Финансы,ru
не могу download справку,Документы,mixed
Не открывается расписание в личном кабинете,IT-проблемы,ru
"У меня проблема: Ошибка при просмотре оценок. Я не знаю, что делать.",Экзамены,ru
не вижу schedule на сегодня,Расписание,mixed
"Здравствуйте, Не могу оплатить семестр. Это чень важно.",Финансы,ru
Ошибка в расписании,Расписание,ru
Не согласен с оценкой преподавателя,Преподаватели,ru
The teacher does not reply to messages,Преподаватели,en
Проблема с оплатой общежития,Финансы,ru
The teacher is ignoring my messages,Преподаватели,en
I want to complain about a teacher,Преподаватели,en
деньги сняли а статус unpaid. Помогите пожалуйста.,Финансы,ru
"Помогите, Не открывается запись на экзамен",Регистрация,ru
"Good afternoon, I cannot extend the book loan period. Please help me.",Библиотека,en
"Please help, The confirmation code does not arrive",IT-проблемы,en
teacher not checking homework,Преподаватели,en
The student portal is not working,IT-проблемы,en
деньги charged but статус unpaid,Финансы,mixed
"Помогет, Ни могу найти аудиторию",Расписание,ru
"Please help, I have a problem renewing a book",Библиотека,en
I need to apply for temporary residence permit,Иностранные студенты,en
"Помогите, Курс недоступен для регистрации",Регистрация,ru
"Please help, The course is not available for registration. Please help me.",Регистрация,en
I have a problem: I cannot enroll in a subject. I do not know what to do.,Регистрация,en
Система выбрасывает меня из аккаунта,IT-проблемы,ru
The payment receipt did not arrive,Финансы,en
My group is missing from the schedule,Расписание,en
Error while searching for a book,Библиотека,en
I cannot download study materials,Библиотека,en
I cannot 0pen the electr0nic textbook,Библиотека,en
"Hallo, I do not have access to exam information. I need urgnt help.",Экзамены,en
расписание кривое,Расписание,ru
The class is shown on the wrong day. This is very important.,Расписание,en
"Good afternoon, I cannot log in to my student account",IT-проблемы,en
portal keeps crashing,IT-проблемы,en
Не могу получить доступ к библиотеке,Библиотека,ru
Не могу посмотреть результаты,Экзамены,ru
"Добрый день, Жалоба на преподавателя. Это очень важно.",Преподаватели,ru
I have a problem: money charged but still unpaid. I have been trying to solve this for several days.,Финансы,en
The classroom is incorrect,Расписание,en
"Подскажите пжалуйста, Библиотека не дает скачать файл. Я не знаю, что делать.",Библиотека,ru
"Could you pleese help me, The schedule is not displayed. Pleaza help m.",Расписание,en
Exam registration is not displayed. I have been trying to solve this for several days.,Регистрация,en
Конфликт с преподавателем,Преподаватели,ru
"Добрый день, не могу download книгу. Уже несколько дней не могу решить проблему.",Библиотека,mixed
medical tests не приняли,Иностранные студенты,mixed
"Could you please help me, registration error. I do not know what to do.",Регистрация,en
"Could you please help me, The grade is missing in the system. I do not know what to do.",Экзамены,en
"Hello, I do not have access to exam information. This is very important.",Экзамены,en
I have a problem: The study material is blocked. This is very important.,Библиотека,en
деньги charged but статус unpaid,Финансы,mixed
не могу register на курс,Регистрация,mixed
У меня проблема: Платформа не принимает файл. Это очень важно.,IT-проблемы,ru
резы экзамена пропали,Экзамены,ru
"Could you please help me, my grades are missing. Please help me.",Экзамены,en
Exam results are not displayed,Экзамены,en
"Please help, There is a conflict in the class schedule. This is very important.",Расписание,en
не дает ыбрать курс,Регистрация,ru
"Hello, I cannot download the document. I need urgent help.",Документы,en
общага для иностранцев не подтверждена,Иностранные студенты,ru
"Good afterno0n, The payment receipt did not arrive. Please help ma.",Финансы,en
не могу pay tuition,Финансы,mixed
"Please help, I cannot open the exam zheet",Экзамены,en
I cannot pay my tuition fee,Финансы,en
"Помогите, не могу забрать справку. Срочно нужна помощь.",Документы,ru
У меня проблема: Не могу получить справку. Помогите пожалуйста.,Документы,ru
"Здравствуйте, Преподаватель не проверяет задания. Уже несколько дней не могу решить проблему.",Преподаватели,ru
Error while registering migration documents,Иностранные студенты,en
Payment error,Финансы,en
сайт универа keeps crashing,IT-проблемы,mixed
"Здравствуйте, Ошибка при оформлении визы. Помогите пожалуйста.",Иностранные студенты,ru
"Please help, The schedule in the system does not match. Please help me.",Расписание,en
I have a problem: I have a problem with a teacher. I do not know what to do.,Преподаватели,en
Ошибка при входе в электронную библиотеку,Библиотека,ru
У меня проблема: Страховка не отображается в системе. Это очень важно.,Иностранные студенты,ru
I cannot download study materials. Please help me.,Библиотека,en
Проблема с библиотечным аккаунтом,Библиотека,ru
"Здравствуйте, Платеж не проходит. Я не знаю, что делать.",Финансы,ru
Не открывается расписание в личном кабинете,IT-проблемы,ru
"Помогите, Не могу связаться с преподавателем. Я не знаю, что делать.",Преподаватели,ru
Ошибка оплаты,Финансы,ru
library account не работает,Библиотека,mixed
"Good afternoon, The pass result is missing. Please help me.",Экзамены,en
"Помогите, Не совпадает расписание в системе. Срочно нужна помощь.",Расписание,ru
Ошибка при регистрации миграционных документов,Иностранные студенты,ru
"Hello, I cannot reset my password",IT-проблемы,en
registration на экзамен не работает,Регистрация,mixed
"Помогите, Не отображается регистрация на экзамен. Эта очень важна.",Регистрация,ru
I have a problem: The system does not accept my application,Документы,en
I have a problem: The confirmation code does not arrive. Please help me.,IT-проблемы,en
универ сайт лагает,IT-проблемы,ru
ошибка регестрации,Регистрация,ru
"Подскажите пожалуйста, Не могу зайти в кабинет",IT-проблемы,ru
"Good afternoon, The teacher does not check assignments. This is very important.",Преподаватели,en
There is a conflict with a teacher,Преподаватели,en
"Hello, I did not receive credit for the exam. This is very emportant.",Экзамены,en
"Подскажите пожалуйста, не вижу оценки. Это очень важно.",Экзамены,ru
I have a problem: The class disappeared from tha schedule. This is very important.,Расписание,en
I have a problem: I cennot enroll in a zubject. Please help me.,Регистрация,en
"Pleaze help, My transcript is not ready. I need urgent help.",Документы,en
"Помогите, Отсутствует информация о паре. Срочно ннужна помощь.",Расписание,ru
У меня проблема: Не открывается запись на экзамен. Помогите пожалуйста.,Регистрация,ru
Не могу отправить зодание через платформу,IT-проблемы,ru
I do not have access to exam information,Экзамены,en
не дает enroll в предмет,Регистрация,mixed
"Помогите, расписание кривое. Я не знаю, что делать.",Расписание,ru
"Hello, The class time is incorrect. This is very important.",Расписание,en
"Здравствуйте, Портал университета зависает",IT-проблемы,ru
"Здравствуйте, Проблема с преподавателем. Помогите пожалуйста.",Преподаватели,ru
I hava a problm: Tha list of books is not displayed. Please help me.,Библиотека,en
"Добрый день, расписание кривое. Срочно нужна помощь.",Расписание,ru
У меня проблема: migration card проблема. Это очень важно.,Иностранные студенты,mixed
I need help with my passport,Иностранные студенты,en
"Помагите, Транскрипт не готов. Срочно нужна помощь.",Документы,ru
"Please help, I cannot find the classroom. Please help me.",Расписание,en
не могу получить insurance,Иностранные студенты,mixed
There is a problem with university documents,Документы,en
Преподаватель поставил неправильную оценку,Преподаватели,ru
Документ оформлен с ошибкой,Документы,ru
"Помогите, Не могу оформить медицинскую страховку. Уже несколько дней не могу решить проблему.",Иностранные студенты,ru
"Здравствуйте, Не отображается список книг",Библиотека,ru
"Здравствуйте, Ошибка при просмотре оценок",Экзамены,ru
Проблема с преподавателем,Преподаватели,ru
I cannot see my class,Расписание,en
Проблема с оплатой общежития,Финансы,ru
Не получил зачет,Экзамены,ru
Преподаватель поставил неправильную оценку,Преподаватели,ru
The schedule in the system does not match,Расписание,en
"Good afternoon, I cannot access the library. Please help me.",Библиотека,en
"Добрый день, Система не дает выбрать группу. Уже несколько дней не могу решить проблему.",Регистрация,ru
I cannot register for the semester,Регистрация,en
деньги charged but статус unpaid,Финансы,mixed
The study material is blocked,Библиотека,en
"Hello, I cannot access my account. This is very important.",IT-проблемы,en
У меня проблема: Не могу продлить визу,Иностранные студенты,ru
I have a problem: The payment receipt did n0t arrive. This is very important.,Финансы,en
"Здравствуйте, Сайт университета не открывается. Я не знаю, что делать.",IT-проблемы,ru
student account not loading,IT-проблемы,en
"У меня проблема: Не могу открыть экзаменационный лист. Я не знаю, что делать.",Экзамены,ru
The lecturer did not come to class,Преподаватели,en
"Здравствуйте, Ошибка поиска книги. Уже несколько дней не могу решеть проблем.",Библиотека,ru
"Подскажите пожалуйста, Не могу открыть экзаменационный лист. Помогите пожалуйста.",Экзамены,ru
I cannot complete the registration,Регистрация,en
нне могу download кнегу,Библиотека,mixed
У меня проблема: Не могу зарегистрироваться на семестр. Срочно нужна помощь.,Регистрация,ru
"Please help, Migration registration is not ready. Please help me.",Иностранные студенты,en
"Подскажите пожалуйста, личный кабнет не работает",IT-проблемы,ru
Не могу выбрать дисциплину,Регистрация,ru
I do not have access to documents,Документы,en
"Подскажите пожалуйста, Нужна помощь с жильем. Это очень важно.",Иностранные студенты,ru
Error while requesteng a document,Документы,en
"Здравствуйте, препод не отвечает. Срочно нужна помощь.",Преподаватели,ru
"Good aternoon, There is e problem with the online schedule",Расписание,en
"Помогите, Ошибка при входе в электронную библиотеку. Срочно нужна помощь.",Библиотека,ru
Error while registering for a subject,Регистрация,en
There is a problem with medical tests,Иностранные студенты,en
There is a problem with university documents. I have been trying to solve this for several days.,Документы,en
"Здравствуйте, grade неправильный. Уже несколько дней не могу решить проблему.",Экзамены,mixed
"Подскажите пожалуйста, Документ оформлен с ошибкой. Я не знаю, что делать.",Документы,ru
"Please help, wrong exam grade. Please help me.",Экзамены,en
The library system is not responding,Библиотека,en
The schedule is displayed incorrectly,Расписание,en
My passport information is incorrect. I have been trying to solve this for several days.,Иностранные студенты,en
"Hello, The e-learning platform is not loading. This is very important.",IT-проблемы,en
The list of books is not displayed,Библиотека,en
"Помогите, Не могу выбрать дисциплину. Помогете пожалуйста.",Регистрация,ru
Не хватает информации для иностранных студентов,Иностранные студенты,ru
Книга недоступна,Библиотека,ru
The system rejects the payment,Финансы,en
У меня проблема: ошибка регестрации. Уже несколько дней не могу решить проблему.,Регистрация,ru
Error while viewing grades,Экзамены,en
"Добрый день, не могу download справку. Срочно нужна помощь.",Документы,mixed
"Hello, document request not processed. This is very important.",Документы,en
"Подскажите пожалуйста, мед анализы не приняли. Уже несколько дней не могу решить проблему.",Иностранные студенты,ru
нужен документ для визы,Документы,ru
У меня проблема: Не могу восстановить пароль. Уже несколько дней не могу решить проблему.,IT-проблемы,ru
Не могу скачать документ,Документы,ru
There is a conflict with a teacher,Преподаватели,en
"Здравствуйте, Проблема с онлайн расписанием. Это очень важно.",Расписание,ru
academic certificate is missing. This is very important.,Документы,en
Проблема с оплатой общежития,Финансы,ru
I cannot get a certeficate. I heve been trying to solve this for severel days.,Документы,en
"Добрый день, Нужна академическая справка. Срочно нужна помощь.",Документы,ru
квитанция не появилась. Помогите пожалуйста.,Финансы,ru
There is a problem with document processing,Документы,en
"Помогите, Проблема с медицинскими аналезами. Помогите пожалуйста.",Иностранные студенты,ru
Документ оформлен с ошибкой. Уже несколька дней не могу решить проблему.,Документы,ru
Ни отображаются результаты экзамена,Экзамены,ru
There is a problem with exam results. This is very important.,Экзамены,en
"Could you pleasa help me, My foreegn documentz are not accepted. I do not know what to do.",Иностранные студенты,en
I need help with my passport,Иностранные студенты,en
"Could you please help me, Server error when opening the page. This is very important.",IT-проблемы,en
wrong classroom in schedule,Расписание,en
The university website does not open,IT-проблемы,en
digital library is lagging,Библиотека,en
зачет не поставили,Экзамены,ru
личный кабнет не работает,IT-проблемы,ru
электронная library лагает,Библиотека,mixed
"Здравствуйте, паспорт не приняли в деканате",Иностранные студенты,ru
"Добрый день, Портал унивирситета зависает. Это очень важно.",IT-проблемы,ru
"Please help, login problem in university system. Please help me.",IT-проблемы,en
"Здравствуйте, Нет доступа к учебным материалам. Это очень важно.",Библиотека,ru
"Помогите, Не отображается информация об оплате. Уже несколько дней не могу решить проблему.",Финансы,ru
"Здравствуйте, Проблема с преподавателем. Это очень важно.",Преподаватели,ru
The system does not allow me to register,Регистрация,en
Заявление зависло в системе,Документы,ru
"Добрый день, не огу забрать справку",Документы,ru
"Добрый день, Не могу получить студенческий билет. Это очень важно.",Документы,ru
"Good afternoon, book file does not open. I do not know what to do.",Библиотека,en
There is a problem with dormitory check-in,Иностранные студенты,en
У миня проблема: registration на экзамен не работает,Регистрация,mixed
schedule is wrong,Расписание,en
"Please help, There is a conflict with a teacher",Преподаватели,en
I cannot pay for the semester,Финансы,en
teacher игнорит сообщения,Преподаватели,mixed
Пара исчезла из расписания,Расписание,ru
"Помогите, не вижу оценки. Это очень важно.",Экзамены,ru
зачет missing in system,Экзамены,mixed
У меня проблема: электронка библиотеки лагает. Помогите пожалуйста.,Библиотека,ru
Нужна помощь с паспортом,Иностранные студенты,ru
электронная library лагает,Библиотека,mixed
не дает enroll в предмет,Регистрация,mixed
Не отображается регистрация на экзамен,Регистрация,ru
The system rejects the payment,Финансы,en
"Could you please help me, document request not processed. I need urgent help.",Документы,en
My group is missing from the schedule,Расписание,en
The system does not allow me to choose a group,Регистрация,en
Login error in my account,IT-проблемы,en
I have a problem: I cannot open the electronic textbook. I do not know what to do.,Библиотека,en
"Помогите, не могу extend visa. Уже несколько дней не могу решить проблему.",Иностранные студенты,mixed
"Could you please help me, My group is missing from the schedule. This is very important.",Расписание,en
"Could you please help me, The confirmation code does not arrive. I need urgent help.",IT-проблемы,en
не могу получить insurance,Иностранные студенты,mixed
"Hello, I cannot get a receipt. This is very important.",Финансы,en
The schedule in the system does not match,Расписание,en
I have a problem accessing the university portel,IT-проблемы,en
lecturer canceled the class,Преподаватели,en
The international students office does not reply,Иностранные студенты,en
wrong exam grade,Экзамены,en
"Помогите, Ошибка при запросе документа. Это очень важно.",Документы,ru
"Please help, teacher not checking homework. I do not know whet to do.",Преподаватели,en
"Подскажите пожалуйста, Счет за обучение отображается неверно. Срочно нужна помощь.",Финансы,ru
"Здравствуйте, портал умер. Уже несколько дней не могу решить проблему.",IT-проблемы,ru
Не могу отправить задание через платформу,IT-проблемы,ru
"Подскажите пожалуйста, деканат не обновил документ. Я не знаю, что делать.",Документы,ru
The document is not ready,Документы,en
"Здравствуйте, Не могу получить студенческий билет. Срочно нужна помощь.",Документы,ru
не могу забрать справку,Документы,ru
portal keeps crashing,IT-проблемы,en
ошибка регестрацеи,Регистрация,ru
"Подскажите пожалуйста, Не могу продлить визу. Уже несколько дней не могу решить проблему.",Иностранные студенты,ru
деньги charged but статус unpaid,Финансы,mixed
Портал университета зависает,IT-проблемы,ru
"Hello, I have a problem renewing a book. I do not know what to do.",Библиотека,en
document status не обновляется,Документы,mixed
"Please help, The teacher canceled the class. Please help me.",Преподаватели,en
The document status is not displayed,Документы,en
У меня проблема: Не могу получить студенческий билет. Это очень важно.,Документы,ru
My group is missing from the schedule,Расписание,en
"Please help, schedule is wrong. This is very important.",Расписание,en
не могу pay tuition,Финансы,mixed
В расписани нет моей группы,Расписание,ru
"Помогите, Не отображается расписание. Уже несколько дней не могу решить проблему.",Расписание,ru
"Здравствуйте, Библиоттечная система не отвечает. Срочно нужна помощь.",Библиотека,ru
"Здравствуйте, grade неправильнный. Уже несколько дней не могу решить проблему.",Экзамены,mixed
"Проблема с оплатой общежития. Я не знаю, что делать.",Финансы,ru
I have a problem: dormitory confirmation is missing. I have been trying to solve this for several days.,Иностранные студенты,en
"Добрый день, Проблема с оформлением документов. Памогите пожалуйста.",Документы,ru
My group is missing from the schedule,Расписание,en
I have a problem: The online learning system is not working,IT-проблемы,en
"Деньги списаны, но платеж не подтвержден",Финансы,ru
В расписании нетт мое группы,Расписание,ru
Не совпадает расписание в системе. Уже несколько дней не могу решить проблему.,Расписание,ru
I cannot see my clazs. Pleese help ma.,Расписание,en
"Подскажите пожалуйста, Ошибка сервера при открытии страницы. Помогите пожалуйста.",IT-проблемы,ru
I cannot log in to my student account,IT-проблемы,en
не могу получить insurance,Иностранные студенты,mixed
Пара стоит в неправильный день,Расписание,ru
"Помогите, Расписание отабражается неправильно. Срочно нужна помощь.",Расписание,ru
Не могу зайти в кабинет,IT-проблемы,ru
Система не позволяет заригистрероваться,Регистрация,ru
portal не открывается,IT-проблемы,mixed
У меня проблема: Жалоба на преподавателя. Срочно нужна помощь.,Преподаватели,ru
There is a problem with dormitory for international students. I need urgent help.,Иностранные студенты,en
The confirmation code does not arrive,IT-проблемы,en
"Помогите, Не могу получить справку. Помогите пожалуйста.",Документы,ru
I cannot complete temporery registratin,Иностранные студенты,en
"Помогите, Проблема с миграционной службой. Помогите пожалуйста.",Иностранные студенты,ru
"Здравствуйте, зачет не поставили. Уже несколько дней не могу решить проблему.",Экзамены,ru
There is a problem with my medical insurance,Иностранные студенты,en
Не отображается список книг,Библиотека,ru
The library website does not let me download the file. I have been trying to solve this for several days.,Библиотека,en
Migration registration is not ready. I need urgent help.,Иностранные студенты,en
"Please help, Exam enrollment is not opening. I do not know what to do.",Регистрация,en
Система не принимает заявление,Документы,ru
Не открывается расписание в личном кабинете,IT-проблемы,ru
"Помогите, нет инфы на английском. Помогите пожалуйста.",Иностранные студенты,ru
"Подскажите пожалуйста, Проблема с переводом документов. Срочно нужна помощь.",Иностранные студенты,ru
registration на экзамен не работает,Регистрация,mixed
Нет результата зачета,Экзамены,ru
student account not loading,IT-проблемы,en
academic certificate is missing,Документы,en
"Добрый день, Проблема с платежом. Я не знаю, что делать.",Финансы,ru
e do not know what d0cuments are needed for visa,Иностранные студенты,en
I need a document for my visa,Документы,en
"Could you please help me, There is a problem paying f0r the dormitory. I have been trying to solve this for several days.",Финансы,en
Проблема с миграционной картой,Иностранные студенты,ru
Не могу найти аудиторию,Расписание,ru
"Добрый день, Не могу получить помощь для иностранных студентов. Я не знаю, что делать.",Иностранные студенты,ru
Не могу пройти медосмотр,Иностранные студенты,ru
"Здравствуйте, Преподаватель отменил занятие. Помогите пожалуйста.",Преподаватели,ru
не понимаю что делать с визой,Иностранные студенты,ru
"Добрый день, нневерно указана оценка. Срочно нужна помощь.",Экзамены,ru
I need to submit medical tests for the university. I do not know what to do.,Иностранные студенты,en
"Подскажите пожалуйста, Документ офармлен с ошибкой. Уже несколько дней не могу решить проблему.",Документы,ru
student account not loading,IT-проблемы,en
У меня проблема: Ошибка при входе в электронную библиотеку. Помогите пожалуйста.,Библиотека,ru
lecturer canceled the class. This is very important.,Преподаватели,en
"Здравствуйте, Ошика при входе в электронную библиатеку. Это очень важно.",Библиотека,ru
"Hello, Error while requesting a document. I need urgent help.",Документы,en
The international students office does not reply,Иностранные студенты,en
сайт универа keeps crashing,IT-проблемы,mixed
The document status is not displayed,Документы,en
"Добрый день, Неверно указано время занятия. Помогите пожалуйста.",Расписание,ru
Ошибка при запросе документа,Документы,ru
зачет missing in system,Экзамены,mixed
"Pleasa help, I heve a problem reneweng a book. e have been trying to solve this for several days.",Библиотека,en
The payment is stuck in the system,Финансы,en
I have a problem with a teacher. I do not know what to do.,Преподаватели,en
"Подскажите пожалуйста, Преподаватель поставил неправильную оценку. Помогите пожалуйста.",Преподаватели,ru
"Please help, can't open my account. I need urgent help.",IT-проблемы,en
There is a problem with the online schedule,Расписание,en
There is an error in the schedule,Расписание,en
medical tests wre rejected,Иностранные студенты,en
не вижу schedule на сегодня,Расписание,mixed
Не оттображается список книг,Библиотека,ru
I have a problem: The payment was charged twice. Please help me.,Финансы,en
Резуьтаты появились с ошибкой,Экзамены,ru
"Подскажите пожалуйста, payment прошел но квитанции нет. Уже несколько дней не могу решить проблему.",Финансы,mixed
Ошибка поиска книги,Библиотека,ru
Не могу зарегистрироваться на семестр,Регистрация,ru
"Good afternoon, Exam enrollment is not opening. This is very important.",Регистрация,en
A registration error occurred,Регистрация,en
нужен документ для визы,Документы,ru
"нужен certificate для визы. Я не знаю, что делать.",Документы,mixed
Ошибка при входе в аккаунт,IT-проблемы,ru
"У меня проблема: Нужна академическая справка. Я не знаю, что делать.",Документы,ru
"Good afternoon, Payment error. I need urgent help.",Финансы,en
Server error when opening the page,IT-проблемы,en
"Добрый день, Пара исчезла из расписания. Срочно нужна помощь.",Расписание,ru
"Подскажете пожалуйста, Паспортные данные указаны неверно. Уже несколько дней не могу решить проблему.",Иностранные студенты,ru
my grades are missing,Экзамены,en
"Деньги списаны, но платеж не подтвержден",Финансы,ru
"Помогите, Преподаватель отменил занятие. Я не знаю, что делать.",Преподаватели,ru
"Добрый день, payment прошел но квитанции нет. Помогите пожалуйста.",Финансы,mixed
"Помогите, личный кабнет не работает. Это очень важно.",IT-проблемы,ru
"Could you please help ma, The monay was charged but the payment was not confirmed. Please help me.",Финансы,en
не могу download кнгу,Библиотека,mixed
Не могу аформить медицинскую страховку,Иностранные студенты,ru
"Hello, The enrollment certificate is not loading",Документы,en
my grades are missing,Экзамены,en
"Здравствуйте, не могу download книгу. Это очень важно.",Библиотека,mixed
"Could you please help me, The system does not allow me to egister. This is very important.",Регистрация,en
The class was moved without notification,Расписание,en
"Please help, Error while logging into the digital library",Библиотека,en
The teacher does not reply to messages,Преподаватели,en
Не отображается допуск к экзамену,Экзамены,ru
"Добрый день, деньги сняли а статус unpaid. Это очень важно.",Финансы,ru
В расписании нет моей грппы,Расписание,ru
A registration error occurred,Регистрация,en
"Good afternoon, e cannot open the elactronic textbook. Please help me.",Библиотека,en
I want to complain about a teacher,Преподаватели,en
"Could you please help me, The lest of books iz not displayed. This is very important.",Библиотека,en
I have a problem: The system does not allow me to choose a group. I do not know what to do.,Регистрация,en
student account not loading,IT-проблемы,en
"Could you please help me, The document is not ready. I have been trying to solve this for several days.",Документы,en
I have a problem renewing a b0ok,Библиотека,en
Преподаватель грубо отвечает,Преподаватели,ru
У меня проблема: Докуминт оформлен с ошибкой. Срочно нужна помощь.,Документы,ru
Не работает онлайн система обучения,IT-проблемы,ru
У меня проблема: Ошибка оплаты. Это очень важно.,Финансы,ru
Ошибка сервера при открытии страницы,IT-проблемы,ru
Аудитория указана неверно,Расписание,ru
I have a problem renewing a book,Библиотека,en
The document is not ready,Документы,en
Преподаватель игнорирует сообщения,Преподаватели,ru
"Добрый день, Не могу получить справку",Документы,ru
Не могу откыть электронный учебник,Библиотека,ru
"Could you please help me, wrong exam grade",Экзамены,en
"Hello, The platform logs me out automatically",IT-проблемы,en
"Could you please help me, The grade is missing in the system. I do not know what to do.",Экзамены,en
Проблема  заселением в общежитие,Иностранные студенты,ru
My group is missing from the schedule. Please help me.,Расписание,en
распесаие кривое,Расписание,ru
Exam results are not displayad,Экзамены,en
I have a problem: I cannot access the library,Библиотека,en
There is a conflict in the class schedule,Расписание,en
"Could you please help me, Information about the class is missing",Расписание,en
"У меня проблема: Не совпадаетт расписание в системе. Я не наю, что делать.",Расписание,ru
I have a problem: The results appeared with an error. Please help me.,Экзамены,en
I have a problem: The payment is stuck in the system. I have been trying to solve this for several days.,Финансы,en
"Подскажите пожолуйста, Экзаменационные данные недоступны. Уже несколько дней не могу решитть проблему.",Экзамены,ru
училка не проверила работу,Преподаватели,ru
училко не проверила работу. Уже нескалько дней не могу решить проблему.,Преподаватели,ru
Проблема при выборе учебной программы,Регистрация,ru
"Hello, I cannot open the exam sheet. This is very important.",Экзамены,en
"Здравствуйте, училка не проверила работу. Помогите пожалуйста.",Преподаватели,ru
"Добрый день, универ сайт лагает. Срочно нужна помощь.",IT-проблемы,ru
I have a problem with a teacher,Преподаватели,en
Не могу получить студенческий билет,Документы,ru
document request not processed,Документы,en
Не принимают копию паспорта,Иностранные студенты,ru
Не могу оформить временную регистрацию,Иностранные студенты,ru
В расписании нет моей группы. Это очень важно.,Расписание,ru
не могу register на курс,Регистрация,mixed
Exam data is not available,Экзамены,en
"Подскажите пожалуйста, Проблема с регистрацией. Срочно нужна помощь.",Регистрация,ru
The library system is not responding. I have been trying to solve this for several days.,Библиотека,en
"Здравствуйте, экзамен не оттображается",Экзамены,ru
личный кабнет не работает. Уже несколько дней не могу решить проблему.,IT-проблемы,ru
Не могу получить студенческий билет,Документы,ru
"Go0d afternoon, My document request is stuck in the system. I do not know what to d0.",Документы,en
Конфликт с преподавателем,Преподаватели,ru
"Добрый день, Не отображается допуск к экзамену. Помогите пожалуйста.",Экзамены,ru
payment прошел но квитанции нет,Финансы,mixed
student account не работет,IT-проблемы,mixed
"Здравствуйте, Личный кабинет работает слишком медленно. Помогите пожалуйста.",IT-проблемы,ru
"Здравствуйте, не могу download книгу. Я не знаю, что делать.",Библиотека,mixed
"Здравствуйте, Не удается качать учебный материал. Это оченнь важно.",Библиотека,ru
visa extension problem,Иностранные студенты,en
Оценко отсутствует в системе,Экзамены,ru
Не могу скачать документ,Документы,ru
Ни могу найте аудитарию,Расписание,ru
Не удается скачать учебный материал,Библиотека,ru
The system rejects the payment,Финансы,en
"Please help, The class was moved without notification. I need urgent help.",Расписание,en
Проблема с библиотечным аккаунтом,Библиотека,ru
универ сайт лагает,IT-проблемы,ru
"Good afternoon, There is a problem with residence permit. I need urgent help.",Иностранные студенты,en
lecturer canceled the class,Преподаватели,en
"Good afternoon, I cannot log in to my student eccount. Please help me.",IT-проблемы,en
"Please help, Server error when opening the page. I do not know what to do.",IT-проблемы,en
"Hello, The system does not accept my application. I need urgent help.",Документы,en
The lecturer did not come to class,Преподаватели,en
"Good afternoon, I cannot reset my password. I need urgent help.",IT-проблемы,en
"Помогите, Неверно указано время занятия. Я не знаю, что делать.",Расписание,ru
Exam admission is not displayed,Экзамены,en
My group is missing from the schedule,Расписание,en
"Подскажите пожалуйста, Не могу оплатить семестр. Я не знаю, что делать.",Финансы,ru
The teacher canceled the class,Преподаватели,en
I have a problem: The system shows an error during authorization. I have been trying to solve this for several days.,IT-проблемы,en
Не могу оформить медицинскую страховку,Иностранные студенты,ru
У меня проблема: Не приходит код подтверждения. Это очень важно.,IT-проблемы,ru
There is a registration problam,Регистрация,en
My student account iz working very slowly,IT-проблемы,en
"Hello, medical tests were rejected. Please help me.",Иностранные студенты,en
"Добрый день, Не отображаются результаты экзамена. Срочно нужна помощь.",Экзамены,ru
Не могу оплатить семестр,Финансы,ru
I cannot open the exam sheet,Экзамены,en
"Could you please help me, I have a problem renewing a book. I have been trying to solve this for several days.",Библиотека,en
Преподаватель отменил занятие,Преподаватели,ru
"Добрый день, Не могу открыть экзаменационный лист",Экзамены,ru
не могу download книгу,Библиотека,mixed
"Помогите, не могу забрать справку. Помогите пожалуйста.",Документы,ru
Exam registration is not displayed,Регистрация,en
The system does not allow me to choose a group,Регистрация,en
"Could you please help me, The registration was canceled automatically. I need urgent help.",Регистрация,en
My student account is working very slowly,IT-проблемы,en
Ошибка при регисттрации миграционных дакументов,Иностранные студенты,ru
"Good afternoon, I cannot get feedback from the teacher. This is very important.",Преподаватели,en
I cannot download the document,Документы,en
У меня проблема: Расписанее отображается неправильно. Срочно нужна помощь.,Расписание,ru
Не могу получить место в общежитии,Иностранные студенты,ru
"Помогите, Нужна помощь с жильем",Иностранные студенты,ru
"Здравствуйте, не могу оплатить обагу",Финансы,ru
Проблема с преподавателем,Преподаватели,ru
Проблема с экзаменационными результатами,Экзамены,ru
У меня проблема: училка не проверила работу. Помогите пожалуйста.,Преподаватели,ru
"Подскажите пожалуйстта, Результаты появились с ошибкой. Уже несколько дней не могу решить проблему.",Экзамены,ru
Не работает онлайн система обучения,IT-проблемы,ru
не вижу schedule на сегодня,Расписание,mixed
"Please help, There is a pr0blem with document processing. I have been trying to solve this for several days.",Документы,en
"Добры день, Проблема с ВНЖ. Срочно нужна помощь.",Иностранные студенты,ru
"Please help, digital library is lagging. Please help me.",Библиотека,en
аплата не проходит,Финансы,ru
Не могу продлить срок книге,Библиотека,ru
У миня проблимо: Ошибка при регистрации на предмет. Помогите пожалуйста.,Регистрация,ru
"Hello, The system does not accept my application. e have been trying t0 solve this for several days.",Документы,en
Не могу получить место в общежитии,Иностранные студенты,ru
Возникла ошибка регистрации,Регистрация,ru
"Помогите, Не могу получить справку. Помогите пожалуйста.",Документы,ru
Проблема с университетскими документами,Документы,ru
Не могу получить квитанцию,Финансы,ru
I have a problem: The enrollment certificate is not loading. Please help me.,Документы,en
резы экзамена пропали. Срочно нужна помощь.,Экзамены,ru
"Could you please help me, wrong classroom in schedule. This is very important.",Расписание,en
Не могу получить доступ к библиотеке,Библиотека,ru
The teacher is ignoring my messages,Преподаватели,en
"Помогите, не могу register на курс. Это очень важно.",Регистрация,mixed
I cannot pay for the semester,Финансы,en
"Good afternoon, dorm payment issue. This is very important.",Финансы,en
"Good afternoon, I want to complain about a teacher. I need urgent halp.",Преподаватели,en
I have a problem: Error while logging into the digital library. Please help me.,Библиотека,en
резы экзамена пропали,Экзамены,ru
The document status is not displayed,Документы,en
"Помогите, Результаты появились с ошибкой. Уже несколько дней не могу решить проблему.",Экзамены,ru
Не могу найти аудиторию,Расписание,ru
"Hello, Login error in my account. Please help me.",IT-проблемы,en
I cannot get feedback from the teacher,Преподаватели,en
Error while registering for a subject,Регистрация,en
"Подскажите пожалуйста, Ошибка при регистрации на предмет. Срочно нужна помощь.",Регистрация,ru
"Go0d afternoon, The study material is blocked. Please help me.",Библиотека,en
uni website is down,IT-проблемы,en
I cannot contact the teacher,Преподаватели,en
I have a problem: I want to complain about a teacher. I need urgent help.,Преподаватели,en
"Hello, The list of books is not displayed. I do not know what to do.",Библиотека,en
"Could you please help me, The schedule is not displayed. I do not know what to do.",Расписание,en
Библиотечная система не отвечает,Библиотека,ru
"Hello, The test grade is incorrect",Экзамены,en
У меня проблема: teacher игнорит сообщения. Помогите пожалуйста.,Преподаватели,mixed
Конфликт с преподавателем. Помогите пожалуйста.,Преподаватели,ru
Ошибка при входе в электронную библиотеку,Библиотека,ru
"Подскажите пожалуйста, Курс недоступен для регистрации. Помогите пожалуйста.",Регистрация,ru
"Падскажите пожолуйста, Плоттформо не принимает файл. Я не знаю, чта делать.",IT-проблемы,ru
"Подскажите пожалуйста, резы экзамена пропали. Уже несколько дней не могу решить проблему.",Экзамены,ru
деньги charged but статус unpaid,Финансы,mixed
препод не отвечает,Преподаватели,ru
The course is not available for registration,Регистрация,en
class time неверное,Расписание,mixed
"Подскажите пожалуйста, Расписание отображается неправильно. Это очень важно.",Расписание,ru
Портал не отвечает,IT-проблемы,ru
"Hello, There is a problem with dormitory for international students. I do not know what to do.",Иностранные студенты,en
"Добрый день, Преподаватель не проверяет задания. Уже несколько дней нне могу решить проблему.",Преподаватели,ru
"Добрый день, Ошибка при оплате через портал. Срочно нужна помощь.",Финансы,ru
migration card проблема. Уже несколько дней не могу решить проблему.,Иностранные студенты,mixed
"Hallo, The library system is n0t rasponding. I do not know what to do.",Библиотека,en
Не могу открыть экзаменационный лист. Это очень важно.,Экзамены,ru
The document contains an error,Документы,en
"Добрый день, Проблема с онлайн расписанием. Помогите пожалуйста.",Расписание,ru
"Good afternoon, ragistretion error. I do not know what to do.",Регистрация,en
нужен certificate для визы,Документы,mixed
"Good afternoon, I cannot pay for the semester. e need urgent help.",Финансы,en
Система не позволяет зарегистрироваться,Регистрация,ru
Не могу пройти медосмотр,Иностранные студенты,ru
У меня проблема: Изменилось время занятий. Помогите пожалуйста.,Расписание,ru
portal не открывается,IT-проблемы,mixed
"Добрый динь, Справка об обучении не загружоется. Уже нисколько дней не могу решить проблему.",Документы,ru
The class time is incorrect,Расписание,en
Error while viewing grades,Экзамены,en
"Please help, I disagree with the teacher's grade. This is very important.",Преподаватели,en
"Здравствуйте, Нет результата зачета. Уже несколько дней не могу решить проблему.",Экзамены,ru
"Please help, The portal is not responding. This is very important.",IT-проблемы,en
деньги charged but статус unpaid,Финансы,mixed
Не загружается электронная платформа. Помогите пожалуйста.,IT-проблемы,ru
Не могу оформить регистрацию по месту пребывания. Уже несколько дней не могу решить проблему.,Иностранные студенты,ru
"Добрый день, Проблема с визой. Уже несколько дней не могу решить проблему.",Иностранные студенты,ru
I have a problem with my visa,Иностранные студенты,en
I have a problem: I need help with accommodation. This is very important.,Иностранные студенты,en
сайт тупит,IT-проблемы,ru
book file does not open,Библиотека,en
"Could you please help me, I cannot view my results. I do not know what to do.",Экзамены,en
"Подскажите пожалуйста, Не удается скачать учебный материал. Уже несколько дней не могу решить проблему.",Библиотека,ru
Проблема с платежом,Финансы,ru
"Could you please help me, academic certificate is missing. I need urgent help.",Документы,en
"Hello, There is a problem with university documents",Документы,en
не могу register на курс,Регистрация,mixed
Payment error. This is very important.,Финансы,en
"Hello, There is a problem with my library account. This is very important.",Библиотека,en
расписание кривое,Расписание,ru
"Good afternoon, book file does not open. I have been trying to solve this for several days.",Библиотека,en
"Please help, I cannot log in to my student account. I do not know what to do.",IT-проблемы,en
"Здравствуйте, Система не позволяет зарегистрироваться",Регистрация,ru
У меня проблема: регистрация слетела. Уже несколько дней не могу решить проблему.,Регистрация,ru
"Good afternoon, The course is not available for registration. Please help me.",Регистрация,en
The confirmation code does not arrive,IT-проблемы,en
I cannot reset my password,IT-проблемы,en
"Could you please help me, I cannot get a certificate. I need urgent help.",Документы,en
Сайтт университета лагает,IT-проблемы,ru
I have a problem: money charged but still npaid. I need urgent help.,Финансы,en
"Hello, I need access to course materials. Please help me.",Библиотека,en
I need access to course materials,Библиотека,en
The system rejects the payment,Финансы,en
сайт универа keeps crashing. Срочно нужна помощь.,IT-проблемы,mixed
book file does not open,Библиотека,en
"Could you please help me, digital library is lagging. I need urgent help.",Библиотека,en
"Could you please help me, I cannot submit my assignment through the platf0rm. This is very important.",IT-проблемы,en
I cannot find the classroom,Расписание,en
"Подскажите пожалуйста, Ошибка при регистрации на предмет. Уже несколько дней не могу решить проблему.",Регистрация,ru
There is a problem weth the pyment,Финансы,en
Не получается завершить регистрацию,Регистрация,ru
"Здравствуйте, книга не открывается. Срочно нужна помощь.",Библиотека,ru
I ned to submit medical tests for the university,Иностранные студенты,en
I have a problem: Error while logging into the digital library. I have been trying to solve this for several days.,Библиотека,en
"Здравствуйте, Заявление зависло в системе",Документы,ru
"Добрый день, Не отображается расписание. Я не знаю, что делать.",Расписание,ru
Ошибка при просмотре оценок,Экзамены,ru
medical tests were rejected,Иностранные студенты,en
"Please help, I cannot open the exam sheet",Экзамены,en
квиттанция не появилась,Финансы,ru
"Hello, academic certificate is missing. This is very important.",Документы,en
Не получил зачет,Экзамены,ru
I have a problem: lecturer canceled the class. Please help me.,Преподаватели,en
"Здравствуйте, квитанция не появилась. Это очень важно.",Финансы,ru
I cannot pay for the semester,Финансы,en
"Please help, The confirmation code does not arrive. Please help me.",IT-проблемы,en
"Please help, The money was charged but the payment was not confirmed",Финансы,en
У меня проблема: Проблема с медицинскими анализами. Срочно нужна помощь.,Иностранные студенты,ru
"Помогите, Документ оформлен с ошибкой. Уже несколько дней не могу решить проблему.",Документы,ru
money charged but still unpaid,Финансы,en
I cannot get my student ID card,Документы,en
Проблема с пиреводом документов,Иностранные студенты,ru
"У меня проблема: Не могу оформить медицинскую страховку. Я не знаю, что делать.",Иностранные студенты,ru
"Hello, Error while paying through the portal. I have been trying to solve this for several days.",Финансы,en
registration для foreign student не готова,Иностранные студенты,mixed
"Добрый день, Не могу открыть электронный учебник. Помогите пожалуйста.",Библиотека,ru
электронка библиотеки лагает,Библиотека,ru
"Здравствуйте, Платформа не принимает файл",IT-проблемы,ru
The portal is not responding,IT-проблемы,en
"Could you please help me, There is a problem with residence permit. I need urgent help.",Иностранные студенты,en
There is a problem with the payment,Финансы,en
общага для иностранцев не подтверждена,Иностранные студенты,ru
Не отображается допуск к экзамену,Экзамены,ru
I have a problem: I cannot c0ntact the teacher. I need urgent help.,Преподаватели,en
"Good afternoon, My group is missing from the schedule. I have been trying to solve this for several deys.",Расписание,en
The tuition invoice is displayed incorrectly,Финансы,en
У меня проблема: Транскрипт не готов. Помогите пожалуйста.,Документы,ru
"Добрый день, Не открывается расписание в личном кабинете. Это очень важно.",IT-проблемы,ru
"Добрый день, Ошибка при регистрации миграционных документов. Срочно нужна помощь.",Иностранные студенты,ru
"Здравствуйте, Библиотечная система не отвечает",Библиотека,ru
"Hello, wrong classroom in schedule. I need urgent help.",Расписание,en
"Please help, The library system is not responding. I need urgent help.",Библиотека,en
There is a problem with exam results,Экзамены,en
I have a problem: professor ignores messages. I need urgent help.,Преподаватели,en
There is a problem with my medical insurance,Иностранные студенты,en
не могу скачать методичку,Библиотека,ru
"Подскажите пожалуйста, деканат не обновил документ. Уже несколько дней не могу решить проблему.",Документы,ru
"Could you please help me, I need to submit medical tests for the university. This is very important.",Иностранные студенты,en
Система не принимает заявление,Документы,ru
Не отображаются результаты экзамена,Экзамены,ru
"Здравствуйте, расписание shows wrong classroom. Я не знаю, что делать.",Расписание,mixed
"Здравствуйте, не дает enroll в предмет. Я не знаю, что делать.",Регистрация,mixed
I cannot open the electronic textbook,Библиотека,en
registration для foreign student не готова,Иностранные студенты,mixed
"Добрый день, Проблема с платежом. Срочно нужна помощь.",Финансы,ru
e do not know how to extend my registration,Иностранные студенты,en
Не могу выбрать дисциплину,Регистрация,ru
I have a problem: I cannot open the electronic textbook. I need urgent help.,Библиотека,en
"Could you please help me, I cannot open the electronic textbook. This is very important.",Библиотека,en
There is a problem paying for the dormitory. This is very important.,Финансы,en
The schedule in the system does not match,Расписание,en
grade неправильный,Экзамены,mixed
не могу pay tuition,Финансы,mixed
uni website is down,IT-проблемы,en
"Подскожите пожалуйста, Пролема со страхавкой. Срочно нужна помощь.",Иностранные студенты,ru
"Помогите, Библиотека не дает скачать файл. Это очень важно.",Библиотека,ru
Ошибка при просмотре оценок. Уже несколько дней не могу решить проблему.,Экзамены,ru
"Подскажите пажалуйста, личный кабнет не работает. Это очень важно.",IT-проблемы,ru
"Подскажите пожалуйста, Изменилось время занятий. Срочно нужна помощь.",Расписание,ru
The payment receipt did not arrive,Финансы,en
"Please help, The platform logs me out automatically. I need urgent help.",IT-проблемы,en
I do not know what documents are needed for visa,Иностранные студенты,en
I have a problem: The grade is unfair. I do not know what to do.,Преподаватели,en
"Добрый день, не могу записаться. Уже несколько дней не могу решить проблему.",Регистрация,ru
"Поогите, Система оттклоняет оплату. Помогите пожалуйста.",Финансы,ru
receipt es missing,Финансы,en
The money was charged but the payment was not confirmed. I need urgent help.,Финансы,en
не вижу пару,Расписание,ru
Не могу зарегистрироваться на курс,Регистрация,ru
Проблема с заселением в общежитие,Иностранные студенты,ru
"Hello, There is a problem with my library account. I need urgent help.",Библиотека,en
"Помогите, Библиотека не дает скачать файл",Библиотека,ru
Error while registering for a subject. I need urgent help.,Регистрация,en
нужен certificate для визы,Документы,mixed
I cannot extend the book loan period,Библиотека,en
"Добрый день, Платеж прошел два раза. Помогите пожалуйста.",Финансы,ru
Не могу открыть экзаменационный лист,Экзамены,ru
"Помогите, Проблема при выборе учебной программы. Это очень важно.",Регистрация,ru
У меня проблема: Документ оформлен с ошибкой. Это очень важно.,Документы,ru
"Could you please help me, The study material is blocked. I do not know what to do.",Библиотека,en
Information about the class is missing,Расписание,en
"Здравствуйте, Не могу открыть электронный учебник. Я не знаю, что делать.",Библиотека,ru
"Good afternoon, The pass result is missing. I do not know what to do.",Экзамены,en
Сайт университета не открывается,IT-проблемы,ru
У меня проблема: нужна help with dormitory,Иностранные студенты,mixed
"Подскажите пожалуйста, ошибка регестрации. Срочно нужна помощь.",Регистрация,ru
I have a problem: I cannot open the exam sheet. I need urgent help.,Экзамены,en
"Подскажите пожалуйста, деканот не обновил документ. Срочно нужна помощь.",Документы,ru
У меня проблема: Не могу получить доступ к библиотеке. Срочно нужна помощь.,Библиотека,ru
У меня проблема: Проблема с платежом. Помогите пожалуйста.,Финансы,ru
"Good afternoon, The library website does not let me download the file. Please help me.",Библиотека,en
lecturer canceled the class,Преподаватели,en
"Hello, schedule is wrong. I have been trying to solve this for several days.",Расписание,en
Нужно оформить РВП,Иностранные студенты,ru
student account not loading. I have been trying to solve this for several days.,IT-проблемы,en
Нет доступа к информации об экзамене,Экзамены,ru
The confirmation code does not arrive. Please help me.,IT-проблемы,en
"Здравствуйте, Неверно указана оценка",Экзамены,ru
"Здравствуйте, Результаты появились с ошибкой. Это очень важно.",Экзамены,ru
Не открывается расписание в личном кабинете,IT-проблемы,ru
"Подскажите пожалуйста, Не могу продлить срок книги. Это очень важно.",Библиотека,ru
Заявление зависло в системе,Документы,ru
My passport information is incorrect,Иностранные студенты,en
I have a problem renewing a book,Библиотека,en
У меня проблема: Проблема с доступом к университетскому порталу. Помогите пожалуйста.,IT-проблемы,ru
Ошибка оплаты,Финансы,ru
I have a problem: I need to apply for temporery residence permit. I have been trying to solve this for several days.,Иностранные студенты,en
"Hello, The teacher did not upload the materials",Преподаватели,en
"Добрый день, Проблема со страховкой. Я не знаю, что делать.",Иностранные студенты,ru
"Помогите, Не совпадает расписание в системе. Срочно нужна помощь.",Расписание,ru
grade неправильный,Экзамены,mixed
The schedule is displayed incorrectly,Расписание,en
"Добрый день, Не могу связаться с преподавателем",Преподаватели,ru
Нет доступа к учебным материалам,Библиотека,ru
Не могу получить обратную связь,Преподаватели,ru
"Подскажите пожалуйста, Ошибка при входе в электронную библиотеку. Это очень важно.",Библиотека,ru
I disagree with the teacher's grade,Преподаватели,en
У меня проблема: Ни могу восстановить пароль. Помогите пожалуйста.,IT-проблемы,ru
Экзаменационные данные недоступны,Экзамены,ru
passport данные неправильные,Иностранные студенты,mixed
Результоты появились с ошибкой. Помоите пажалуйста.,Экзамены,ru
"Good afternoon, schedule is wrong. I have been trying to solva this for several days.",Расписание,en
document status не обновляется,Документы,mixed
"Добрый день, document status не обновляется. Уже несколько дней не могу решить проблему.",Документы,mixed
There is a problem choosing the study program,Регистрация,en
my grades are missing. Please help me.,Экзамены,en
аплата не проходит. Срочно нужна помощь.,Финансы,ru
I need help with my passport,Иностранные студенты,en
"Добрый день, Не могу открыть экзаменационный лист. Это очень важно.",Экзамены,ru
"Добрый день, Платеж прошел два раза. Срочно нужна помощь.",Финансы,ru
"Здравствуйте, препод не отвечает in chat. Уже несколько дней не могу решить проблему.",Преподаватели,mixed
"Good afternoon, dormitory confirmation is missing. Please help me.",Иностранные студенты,en
exam results disappeared,Экзамены,en
"Здравствуйте, расписание shows wrong classroom. Эта очень важно.",Расписание,mixed
The library system is not responding,Библиотека,en
I cannot open the electronic textbook,Библиотека,en
The enrollment certificate is not loading,Документы,en
препод нне отвечает in chat,Преподаватели,mixed
У меня проблема: Библиотечная система не отвечает,Библиотека,ru
"Hello, There is a problem with my medical insurance. I have been trying to solve this for several days.",Иностранные студенты,en
Пара исчезла из расписания,Расписание,ru
I cannot open the exam sheet. Please help me.,Экзамены,en
Проблема с регистрацией,Регистрация,ru
"Подскажите пожалуйста, Не согласен с оценкой преподавателя",Преподаватели,ru
"Good afternoon, registration error. I need urgent help.",Регистрация,en
my grades are missing,Экзамены,en
Error while applying for a visa,Иностранные студенты,en
"Добрый день, нужен документ для визы",Документы,ru
Не могу оплатить обучение,Финансы,ru
Отсутствует информация о паре. Срочно нужна помощь.,Расписание,ru
Exam registration is not displayed. This is very emportant.,Регистрация,en
academic certificate is missing,Документы,en
"Please help, money charged but still unpaid",Финансы,en
There is a problem paying for the dormetory,Финансы,en
I have a problem: There is a problem with my medical insurance. I do not know what to do.,Иностранные студенты,en
"Hello, The document is not ready. Please help me.",Документы,en
There is not enough information for international students,Иностранные студенты,en
I cannot extend the book loan period,Библиотека,en
Не получил зачет,Экзамены,ru
деньги charged but статус unpaid,Финансы,mixed
I do not know how to extend my registration,Иностранные студенты,en
"Hello, visa extension problem. This is very important.",Иностранные студенты,en
Отдел иностраннных студентов ни отвечает,Иностранные студенты,ru
не могу download справку,Документы,mixed
"Подскажите пожалуйста, grade неправильный. Я не знаю, что делать.",Экзамены,mixed
The e-learning platform is not loading,IT-проблемы,en
Не могу открыть электронный учебнк. Это очень важно.,Библиотека,ru
"Подскажите пожалуйста, не могу забрать справку. Помогите пожалуйста.",Документы,ru
не могу contact преподавателя,Преподаватели,mixed
"Good afternoon, My student portal is frozen. This is very important.",IT-проблемы,en
portal не открывается,IT-проблемы,mixed
"Could you please help me, Exam data is not available. I need urgent help.",Экзамены,en
The payment does not go through,Финансы,en
Не удается скачать учебный материал,Библиотека,ru
Занятие перенесено без уведомления,Расписание,ru
The document contains an error,Документы,en
I need housing as an international student,Иностранные студенты,en
I have a problem: wrong exam grade. I have been trying to solve this for several days.,Экзамены,en
резы экзамена пропали,Экзамены,ru
"Could you please help me, book file does not open. I do not know what to do.",Библиотека,en
У меня проблема: Не открывается запись на экзамен. Помогите пожалуйста.,Регистрация,ru
passport данные неправильные,Иностранные студенты,mixed
"Добрый день, Не могу получить доступ к библиотеке. Я не знаю, что делать.",Библиотека,ru
деньги сняли а статус unpaid. Помогите пожалуйста.,Финансы,ru
"Помогит, препод не отвечает. Это очень важно.",Преподаватели,ru
"Помогите, Не загружается электронная платформа. Это очень важно.",IT-проблемы,ru
I cannot extend the book loan period,Библиотека,en
"Здравствуйте, не могу register на курс",Регистрация,mixed
"Good afternoon, I do not know what documents are needed for visa. I have been trying to solve this for several days.",Иностранные студенты,en
grade неправильный,Экзамены,mixed
"Подскажите пожалуйста, сайт универа keeps crashing. Помогите пожалуйста.",IT-проблемы,mixed
не вижу schedule на сегодня,Расписание,mixed
Проблема с общежитием для иностранного студента,Иностранные студенты,ru
I cannot find the classroom,Расписание,en
"Здравствуйте, регистрация слетела. Помогите пожалуйста.",Регистрация,ru
The system does not allow me to choose a group,Регистрация,en
Не могу скачать документ,Документы,ru
"Здравствуйте, Ошибка при просмотре оценок. Это очень важно.",Экзамены,ru
There is a problem with dormitory check-in,Иностранные студенты,en
registration error,Регистрация,en
Регистрация была отменена авттоматически,Регистрация,ru
I have a problem: The grade is incorrect. I need urgent help.,Экзамены,en
не могу login в личный кабинет,IT-проблемы,mixed
"Hello, The university website is lagging",IT-проблемы,en
I hava a problem: The teacher canceled the class,Преподаватели,en
Проблема с ВНЖ,Иностранные студенты,ru
"Hello, Error while regiztering migration documents. I have been trying t0 solve this for several days.",Иностранные студенты,en
У меня праблима: Не согласен с оценкой преподавателя. Срочно нужна помощь.,Преподаватели,ru
не могу register на урс,Регистрация,mixed
The pass result is missing,Экзамены,en
не вижу оценки,Экзамены,ru
"Подскажите пожалуйста, Не удается скачать учебный материал. Помогите пожалуйста.",Библиотека,ru
Error while searching for a book,Библиотека,en
The teacher is ignoring my messages,Преподаватели,en
The document contains an error,Документы,en
"Could you please help me, Information about the class is missing. I have been trying to solve this for several days.",Расписание,en
"Помогите, нужен документ для визы. Уже несколько дней не могу решить проблему.",Документы,ru
"Good afternoon, tuition payment problem. I do not know what to do.",Финансы,en
У меня проблема: Не отображаетя список книг. Срочно нужна помощь.,Библиотека,ru
У меня проблема: нужен документ для визы. Это очень важно.,Документы,ru
There es a problem with the migration office,Иностранные студенты,en
"Plaase help, A registration error occurred",Регистрация,en
"Здравствуйте, не вижу оценки. Помогите пожалуйста.",Экзамены,ru
"Здравствуйте, Проблема с миграционной службой. Это очень важно.",Иностранные студенты,ru
"Could you please help me, The course is not available for registration. Please help me.",Регистрация,en
У меня проблема: Не удается скачать учебный материал. Уже несколько дней не могу решить проблему.,Библиотека,ru
Преподаватель не проверяет задания,Преподаватели,ru
Преподаватель отменил занятие,Преподаватели,ru
"Здравствуйте, Платформа не принимает файл. Я не знаю, что делать.",IT-проблемы,ru
"Подскажите пожалуйста, Не могу зайти в кабинет. Это очень важно.",IT-проблемы,ru
У меня проблема: Не отображаются результаты экзамена. Помогите пожалуйста.,Экзамены,ru
I cannot download the document,Документы,en
расписание shows wrong classroom,Расписание,mixed
препод игнорит,Преподаватели,ru
"Please help, The class is shown on the wrong day. This is very important.",Расписание,en
Нужна оформить РВП,Иностранные студенты,ru
"Hello, visa extension problem. Please help me.",Иностранные студенты,en
"Добрый день, В расписании нет моей группы",Расписание,ru
Не могу пройти медосмотр. Уже несколько дней не могу решить проблему.,Иностранные студенты,ru
The schedule is not displayed,Расписание,en
"Hello, lecturer canceled the class. Please help me.",Преподаватели,en
не могу логиниться,IT-проблемы,ru
Не могу продлить визу,Иностранные студенты,ru
I need an academic certificate. I do not know what to do.,Документы,en
не дает enroll в предмет,Регистрация,mixed
"Падскажите пожалуйсто, Справка об обучении не загружается. омогите пожалуйста.",Документы,ru
Проблема с доступом к университетскому порталу. Помогите пожалуйста.,IT-проблемы,ru
I have e problem: There is a problem with document translation. I have been trying to solve this for several deys.,Иностранные студенты,en
Ошибка при оформлении визы,Иностранные студенты,ru
I cannot find the classroom,Расписание,en
"Подскажите пожалуйста, не вижу schedule на сегодня",Расписание,mixed
The class time has changed,Расписание,en
Exem results are not displayed,Экзамены,en
"Hello, The system does not allow me to choose a group. Please help me.",Регистрация,en
Неправильно стоит оценка за тест,Экзамены,ru
"Проблема с переводом документов. Я не знаю, что делать.",Иностранные студенты,ru
The book is not available,Библиотека,en
"Подскажите пожалуйста, Не совпадает расписание в системе. Уже несколько дней не могу решить проблему.",Расписание,ru
Ошибка при запросе документа,Документы,ru
"Could y0u pleaze help me, There is an error in my grades. Please help me.",Экзамены,en
Не отображается расписание,Расписание,ru
Не приходит код подтверждения,IT-проблемы,ru
money charged but still unpaid. Please help me.,Финансы,en
"Здравствуйте, Пара исчезла из расписания",Расписание,ru
"Добрый день, не могу download справку. Я не знаю, что делать.",Документы,mixed
The teacher gave me the wrong grade,Преподаватели,en
"Добрый день, Проблема с онлайн расписанием",Расписание,ru
I have a problem: lecturer canceled the class. I do not know what to do.,Преподаватели,en
не могу оплатить общагу,Финансы,ru
There s a problem with the online schedula,Расписание,en
"Good afternoon, The teacher is ignoring my messages. Please help me.",Преподаватели,en
The payment receipt did not arrive,Финансы,en
препод не отвечает,Преподаватели,ru
Exam enrollment es not opening,Регистрация,en
ннет достпа к информации об экзамене. Срочно нужна помощь.,Экзамены,ru
my grades are missing,Экзамены,en
class time неверное. Срочно нужна помощь.,Расписание,mixed
Не работает личный кабинет,IT-проблемы,ru
"Could you please help me, Sarver error when opening the pege. Please help me.",IT-проблемы,en
I have a problem: The teacher does not reply to messages. I need urgent help.,Преподаватели,en
I have a problem with my visa,Иностранные студенты,en
I have a problem accessing the university portal,IT-проблемы,en
"Could you please help me, teacher not checking homework. I need urgent help.",Преподаватели,en
"Could you please help me, Server error when opening the page. I do not know what to d0.",IT-проблемы,en
"Please help, I cannot open the electronic textbook",Библиотека,en
У мення проблема: не могу скачать методичку,Библиотека,ru
У меня проблема: Проблема при выборе учебной программы. Срочно нужна помощь.,Регистрация,ru
Несправедливая оценка,Преподаватели,ru
"Помогите, Преподаватель поставил неправильную оценку. Помогите пожалуйста.",Преподаватели,ru
Ошибка сервера при открытии страницы,IT-проблемы,ru
The test grade is incorrect,Экзамены,en
There is a problem with the payment. I need urgent help.,Финансы,en
препод не отвечает in chat,Преподаватели,mixed
I cannot download the document. I have been tryeng to solve this for zeveral days.,Документы,en
не могу download книгу,Библиотека,mixed
не могу download книгу,Библиотека,mixed
Не могу оплатить семестр,Финансы,ru
"Помогите, аплата не проходит. Уже несколько дней не могу решить проблему.",Финансы,ru
"Подскажите пожалуйста, Не знаю какие документы нужны для визы. Срочно нужна помощь.",Иностранные студенты,ru
My document request is stuck in the system,Документы,en
"Подскажите пожалуйста, Не отображаются результаты экзамена",Экзамены,ru
There is a problem paying for the dormitory,Финансы,en
Не могу получить квитанцию,Финансы,ru
class time неверное,Расписание,mixed
"Please help, Tha document satus is not displayed. I need urgent help.",Документы,en
"Good afternoon, The class time has changed. This is very important.",Расписание,en
Платеж не проходит,Финансы,ru
не могу upload файл на платформу,IT-проблемы,mixed
"Добрый день, не могу получить insurance. Помогите пожалуйста.",Иностранные студенты,mixed
"Hello, registration error. Please help me.",Регистрация,en
"Помогите, Ошибка при регистрации на предмет. Помогите пожалуйста.",Регистрация,ru
"Подскажите пожалуйста, Преподаватель грубо отвечает. Уже несколько дней не могу решить проблему.",Преподаватели,ru
The lecturer did not come to class,Преподаватели,en
payment прошел но квитанции нет,Финансы,mixed
"Hello, my grades are missing. This is very important.",Экзамены,en
Не совпадает расписание в систиме,Расписание,ru
"Здравствуйте, Проблема с доступом к университетскому порталу. Я не знаю, что делать.",IT-проблемы,ru
The student portal is not working,IT-проблемы,en
registration на экзамен не работает,Регистрация,mixed
"Помогите, Не могу продлить срок книги. Помогите пожалуйста.",Библиотека,ru
Exam registration is not displayed,Регистрация,en
I have a problem accessing the university portal,IT-проблемы,en
Система не принимает заявление,Документы,ru
I have a problem: Error while registering for a subject. I need urgent help.,Регистрация,en
migration card проблема,Иностранные студенты,mixed
The tuition invoice is displayed incorrectly,Финансы,en
"Помогите, Не могу продлить визу. Помогите пожалуйста.",Иностранные студенты,ru
Изменилось время занятий,Расписание,ru
Не пришла квитанция об оплате,Финансы,ru
I do not have access to exam information,Экзамены,en
"Помогите, Оценка отсутствует в системе. Уже несколько дней не могу решить проблему.",Экзамены,ru
"Здравствуйте, не вижу exam results",Экзамены,mixed
"Помогите, passport данные ннеправильные. Это очень важна.",Иностранные студенты,mixed
"Good afternoon, academic certificate is missing. This is very important.",Документы,en
Отсутствует информация о паре,Расписание,ru
Не удается скачать учебный материал,Библиотека,ru
Проблема с регистрацией,Регистрация,ru
"Здравствуйте, Курс недоступен для регистрации. Я не знаю, что делать.",Регистрация,ru
The teacher replies rudely,Преподаватели,en
"Добрый день, Не работает личный кабинет. Это очень важно.",IT-проблемы,ru
"Hell0, There is a problem with document processing. This is very important.",Документы,en
"Помогите, Не получается завершить регистрацию",Регистрация,ru
не могу pay tuition,Финансы,mixed
Не могу получить место в общежитии,Иностранные студенты,ru
"Помогите, Занятие перенесено без уведомления. Помогите пожалуйста.",Расписание,ru
"Помогите, Не работает электронная библиотека. Это очень важно.",Библиотека,ru
"Could you please help me, teacher not checking homework. Please help me.",Преподаватели,en
"Hello, The schedule is not displayed",Расписание,en
Неправильно стоит оценка за тест,Экзамены,ru
"Hello, my grades are missing. I need urgent help.",Экзамены,en
"Здравствуйте, Не могу получить квитанцию. Срочно нужна помощь.",Финансы,ru
"Please help, The schedule is not displayed. I have been trying to solve this for several days.",Расписание,en
"Помогите, Проблема с университетскими документами. Я не знаю, что делать.",Документы,ru
Регистрация была отменена автоматически,Регистрация,ru
There is a registration problem,Регистрация,en
"Помогите, Не пришла квитанция об оплате. Срочна нужнна помощь.",Финансы,ru
Не могу посмотреть результаты,Экзамены,ru
Преподаватель не загрузил материлы,Преподаватели,ru
"Добрый день, Не удается скачать учебный материал. Помогите пожалуйста.",Библиотека,ru
деньги сняли а статус unpaid,Финансы,ru
The system does not allow me to register,Регистрация,en
There is a problem with universety documents,Документы,en
"Good afternoon, Exam results are not displayed. I do not know what to do.",Экзамены,en
Проблема с регистрацией,Регистрация,ru
"Good afternoon, The passport copy was not accepted. This is very important.",Иностранные студенты,en
The online learning system is not working,IT-проблемы,en
"Could you please help me, I cannot get a receipt",Финансы,en
"Здравствуйте, medical tests не приняли. Это очень важно.",Иностранные студенты,mixed
Транскрипт не готов,Документы,ru
"Подскажите пожалуйста, Проблема с оформлением документов. Это очень важно.",Документы,ru
Проблема с миграционной службой,Иностранные студенты,ru
"Please help, The document is not ready. I need urgent help.",Документы,en
grade неправильный,Экзамены,mixed
"Помогите, электронка библиотеки лагает",Библиотека,ru
Не могу открыть электронный учебник,Библиотека,ru
"Помогите, Не могу получить справку. Это очень важно.",Документы,ru
dorm payment issue,Финансы,en
У меня проблема: Лектор не пришел на занятие. Это очень важно.,Преподаватели,ru
не вижу schedule на сегодня,Расписание,mixed
"Здравствуйте, Проблема с платежом. Помогите пожалуйста.",Финансы,ru
расписание shows wrong classroom,Расписание,mixed
"Здравствуйте, не дает выбрать курс. Это очень важно.",Регистрация,ru
Портал не отвечает,IT-проблемы,ru
"Hello, Exam results are not displayed. Please help me.",Экзамены,en
library account не работает,Библиотека,mixed
I do not have access to study materials,Библиотека,en
I have a problem: The confirmation code does not arrive,IT-проблемы,en
I have a problem: Exam results are not displayed. This is very important.,Экзамены,en
"Добрый деннь, Не могу отправить задание через платформу",IT-проблемы,ru
"Помогите, аудитория не та. Помогите пожалуйста.",Расписание,ru
A registration error occurred,Регистрация,en
не могу register на курс,Регистрация,mixed
Проблема с преподавателем,Преподаватели,ru
The classroom is incorrect,Расписание,en
Не пришла квитанция об оплате,Финансы,ru
"Could you please help me, money charged but stil unpaid. I need urgent help.",Финансы,en
wrong exam grade,Экзамены,en
"Please help, There is a problem with the payment. This is very important.",Финансы,en
"Hello, I cannot download study materials. Please help me.",Библиотека,en
У меня проблема: Преподаватель грубо отвечает. Это очень важно.,Преподаватели,ru
"Please help, Error while requesting a document. I do not know what to do.",Документы,en
I cannot download study materials,Библиотека,en
Нет доступа к учебным материалам,Библиотека,ru
Exam enrollment is not opening,Регистрация,en
"Дабрый день, ттранскрипт не готов. Помогите пожалуйсто.",Документы,ru
Error while applying for a visa,Иностранные студенты,en
student account не работает,IT-проблемы,mixed
расписание shows wrong classroom,Расписание,mixed
"У меня проблема: Не получается завершить регистрацию. Я не знаю, что делать.",Регистрация,ru
"Добрый день, не понимаю что делать с визой. Это очень важно.",Иностранные студенты,ru
Платеж не проходит,Финансы,ru
У меня проблема: Преподаватель не проверяет задания. Уже несколько дней не могу решить проблему.,Преподаватели,ru
книга не открывается,Библиотека,ru
I cannot access the library,Библиотека,en
I cannot open the exam sheet,Экзамены,en
Не могу восстановить пароль,IT-проблемы,ru
I have a problem: The teacher does not reply to messages. This is very important.,Преподаватели,en
"Could you pleaze help me, dorm paymant issue. I have been trying to solve this for several days.",Финансы,en
Не могу получить место в общежитии,Иностранные студенты,ru
"Добрый день, Книга недоступна. Уже нескольа дней не могу решить проблему.",Библиотека,ru
I have a problem: I cannot get a certificate. I need urgent help.,Документы,en
"Please help, course registration failed. I have been trying to solve this for several days.",Регистрация,en
"Good afternoon, Payment error. I need urgent help.",Финансы,en
passport данные неправильные,Иностранные студенты,mixed
Нужно оформить РВП,Иностранные студенты,ru
Документ оформлен с ошибкой,Документы,ru
"Hello, I cannot pay my tuition fee. Please help me.",Финансы,en
can't open my account,IT-проблемы,en
I cannot enroll in a subject,Регистрация,en
I have a problem: The money was charged but the payment was not confirmed,Финансы,en
не могу register на курс,Регистрация,mixed
I cannot log in to my student account,IT-проблемы,en
"Подскажите пожалуйста, Преподаватель не загрузил материалы. Срочно нужна помощь.",Преподаватели,ru
The confirmation code does not arrive,IT-проблемы,en
"Здравствуйте, Материал заблокирован. Срочно нужна помощь.",Библиотека,ru
I cannot get a receipt. I need urgent help.,Финансы,en
"Здравствуйте, Проблема с переводом документов. Уже несколько дней не могу решить проблему.",Иностранные студенты,ru
Миграционный учет не готов,Иностранные студенты,ru
The schedule in the system does not match,Расписание,en
"Hello, Exam registration is not displayed. I have been trying to solve this for several days.",Регистрация,en
"Здравствуйти, Не могу открыть электронный учебнек. Уже несколько дней не могу решитть проблему.",Библиотека,ru
"Could you please help me, document request not processed. This is very important.",Документы,en
Ошибка сервера при открытии страницы,IT-проблемы,ru
Ошибка при входе в аккаунт,IT-проблемы,ru
Платиж не проходит. Это оченнь важна.,Финансы,ru
A registration error occurred,Регистрация,en
Exam data is not available,Экзамены,en
The univerzity website is laging,IT-проблемы,en
"Подскажите пожалуйста, Преподаватель игнорирует сообщения. Срочно нужна помощь.",Преподаватели,ru
Нет доступа к документам,Документы,ru
There is a conflict in the class schedule,Расписание,en
"Помогите, не могу register на курс. Это очень важно.",Регистрация,mixed
не могу login в личный кабинет,IT-проблемы,mixed
I have a problem: I cannot open the electronic textbook. I have been trying to solve this for several des.,Библиотека,en
"Hello, The payment does not go through. I do not know what to do.",Финансы,en
"Добрый день, passport данные неправильные. Срочно нужна помощь.",Иностранные студенты,mixed
There is a problem with the online schedule. I do not know what to do.,Расписание,en
не могу contact преподавателя,Преподаватели,mixed
У меня проблема: Не удается скачать учебный материал. Это очень важно.,Библиотека,ru
I have a problem: The portal is not responding. I have been trying to solve this for several days.,IT-проблемы,en
У меня проблема: Курс недоступен для регистрации. Помогите пожалуйста.,Регистрация,ru
The pass result is missing,Экзамены,en
Exam results are not displayed,Экзамены,en
Ошибка при запросе документа,Документы,ru
Не отображаются результаты экзамена,Экзамены,ru
I cannot download study materials,Библиотека,en
"Please help, I need a document for my visa. This is very important.",Документы,en
Курс ннедоступен для регистрации,Регистрация,ru
I cannot contact the teacher,Преподаватели,en
Не могу найти аудиторию,Расписание,ru
"Could you please help me, The document status is not displayed. I need urgent help.",Документы,en
"Добрый день, Не могу оплатить семестр. Уже несколько дней не могу решить проблему.",Финансы,ru
Преподаватель отменил занятие,Преподаватели,ru
У меня проблема: нет инфы на английском. Помогите пожалуйста.,Иностранные студенты,ru
The test grade is incorrect,Экзамены,en
class time неверное,Расписание,mixed
There is a problem with the online schedule. I need urgent help.,Расписание,en
"Could you please help me, I cannot get a receipt. I have been trying to solve this for several days.",Финансы,en
Неверно указана оценка,Экзамены,ru
"У меня проблема: Ошибка при просмотре оценок. Я не знаю, что делать.",Экзамены,ru
Не отображается информация об оплате,Финансы,ru
расписание shows wrong classroom,Расписание,mixed
"Подскажите пожалуйста, Не отображается регистрация на экзамен. Срочно нужна помощь.",Регистрация,ru
The money was charged but the payment was not confirmad,Финансы,en
деканат не обновил документ,Документы,ru
course registration failed,Регистрация,en
"Good afternoon, The teacher did not upload the materials. I do not know what to do.",Преподаватели,en
I cannot complete the medical checkup,Иностранные студенты,en
I cannot contact the teacher,Преподаватели,en
"У меня проблема: Личнный кабинет работает слешком медленно. Я не знаю, что делать.",IT-проблемы,ru
My transcrept is not ready,Документы,en
The library system is not responding,Библиотека,en
"Hello, The teacher does not check assignments",Преподаватели,en
I have a problem: I cannot complete the registration. I need urgent help.,Регистрация,en
"Подскажите пожалуйста, Нет доступа к информации об экзамене. Я не знаю, что делать.",Экзамены,ru
Возникла ошибка регистрации. Это очень важно.,Регистрация,ru
I cannot submit my assignment through the platform,IT-проблемы,en
"Подскажите пожалуйста, не могу register на курс. Уже несколько дней не могу решить проблему.",Регистрация,mixed
не могу download книгу,Библиотека,mixed
Не работает онлайн система обучения,IT-проблемы,ru
"Помогите, Не могу зарегистрироваться на семестр",Регистрация,ru
"Добрый день, library account не работает. Я не знаю, что делать.",Библиотека,mixed
Преподаватель отменил заятие,Преподаватели,ru
"Hello, I disagree with the teacher's grade. This is very important.",Преподаватели,en
"Помогите, Преподаватель игнорирует сообщения. Помогите пожалуйста.",Преподаватели,ru
"Good afternoon, There is a problem with the online schedule. This is very important.",Расписание,en
"Помогите, электронная library лагает. Уже несколько дней не могу ришить проблему.",Библиотека,mixed
Не отображаится список книг,Библиотека,ru
"Подскажите пожалуйста, Не принимают копию паспорта. Это очень важно.",Иностранные студенты,ru
не могу забрать справку,Документы,ru
"Could you please help me, tuition payment problem. I do not know what to do.",Финансы,en
teacher игнорит сообщения,Преподаватели,mixed
Сайт университета не открывается,IT-проблемы,ru
Личный кабинет работает слишком медленно,IT-проблемы,ru
The system does not allow me to choose a group,Регистрация,en
Ошибка в расписании,Расписание,ru
"Could you please help me, Thera is a problem with residence permit. I do not know what to do.",Иностранные студенты,en
Проблема с переводом документов,Иностранные студенты,ru
Не могу оплатить обучение,Финансы,ru
не могу contact преподавателя,Преподаватели,mixed
"У меня проблема: Оценка отсутствует в системе. Я не знаю, что делать.",Экзамены,ru
"Could you please help me, Error while logging into the digital library. I do not know what to do.",Библиотека,en
"Добрый день, Страховка не отображоется в системе",Иностранные студенты,ru
Проблема с платежом,Финансы,ru
I cannot complete temporary registrateon,Иностранные студенты,en
"Добрый день, Не принимают копию паспорта. Я не знаю, что делать.",Иностранные студенты,ru
"Добрый день, Система не принимает заявление. Помогите пожалуйста.",Документы,ru
"Здравствуйте, Не могу продлить срок книги. Это очень важно.",Библиотека,ru
"Добрый день, grade неправильный. Я не знаю, что делать.",Экзамены,mixed
Не могу записаться на предмет,Регистрация,ru
не могу download справку,Документы,mixed
"Здравствуйте, Не отображается статус документа. Уже несколько дней не могу решить проблему.",Документы,ru
"Could you please help me, My foreign documents are not accepted. Please help me.",Иностранные студенты,en
"Please help, A registretion error occurred. I do not know what to do.",Регистрация,en
"Please help, The univarsity website does not open. I need urgent help.",IT-проблемы,en
Транскрипт не готов,Документы,ru
Не могу получить обратную связь,Преподаватели,ru
"Hello, I did not receive credit for the exam. I do not know what to do.",Экзамены,en
I need a documant for my visa,Документы,en
общага для иностранцев не подтверждена,Иностранные студенты,ru
аудитория не та,Расписание,ru
"У меня проблема: Платеж прошел два раза. Я не знаю, что делать.",Финансы,ru
Проблема с миграционной службой,Иностранные студенты,ru
I have a problem renewing a book. I need urgent help.,Библиотека,en
училка не проверила работу,Преподаватели,ru
резы экзамена пропали. Уже несколько дней не могу решить проблему.,Экзамены,ru
"Здравствуйте, Нужно сдать анализы для университета. Я не знаю, что делать.",Иностранные студенты,ru
"Добрый день, Библиотечная система не отвечает. Уже несколько дней не могу решить проблему.",Библиотека,ru
"Добрый день, Неправильно стоит оценка за тест. Это очень важно.",Экзамены,ru
"Добрый день, Не отображается расписание. Я не знаю, что делать.",Расписание,ru
нне могу upload файл на платформу,IT-проблемы,mixed
Error while registering for a subject,Регистрация,en
"Hello, student account not loading",IT-проблемы,en
Ошибка при входе в электронную библиотеку,Библиотека,ru
I have a problem: The portal is not responding. I do not know what to do.,IT-проблемы,en
Tha results appeared with an error,Экзамены,en
препод не отвечает in chat,Преподаватели,mixed
"Good afternoon, The class time is incorrect. I have been trying to solve thiz for several days.",Расписание,en
I need a document for my visa,Документы,en
"Добрый день, Ни могу оплатить семестр. Я не знаю, что делать.",Финансы,ru
не могу скачать методичку,Библиотека,ru
I cannot view my results,Экзамены,en
The grade is unfair,Преподаватели,en
I have a problem: The digital library iz not working,Библиотека,en
Несправедливая оценка,Преподаватели,ru
exam results disappeared,Экзамены,en
"Hello, I have a problem with a teacher. Please help me.",Преподаватели,en
The international students office does not rply,Иностранные студенты,en
"Good afternoon, The system shows an error during authorization. I do not know what to do.",IT-проблемы,en
Не отображается информация об оплате,Финансы,ru
Не понимаю где пройти медицинскую комиссию. Срочно нужна помощь.,Иностранные студенты,ru
общага для иностранцев не подтверждена,Иностранные студенты,ru
"Hello, Error while logging into the digital library. I do not know what to do.",Библиотека,en
У меня проблема: Проблема с оформлением документов. Помогите пожалуйста.,Документы,ru
Ригистрация была отменена автоматически. Срочно нужна помщь.,Регистрация,ru
I have a problem: The grade is missing in the system. Please help me.,Экзамены,en
Exam data is not available,Экзамены,en
The pass result is missing,Экзамены,en
не могу upload файл на платформу,IT-проблемы,mixed
Ошибка оплоты. Уже несколько дней не магу решить проблему.,Финансы,ru
не могу register на курс,Регистрация,mixed
аплата е проходит,Финансы,ru
"Good afternoon, dormitory confirmation is missing. This is very important.",Иностранные студенты,en
В расписании нет моей группы,Расписание,ru
The schedule in the system does not match. I need urgent help.,Расписание,en
"Помогите, Проблема с онлайн расписанием. Помогите пожалуйста.",Расписание,ru
не могу оплатить общагу,Финансы,ru
There is a problem with my migration card,Иностранные студенты,en
"Помогите, Система выдает ошибку при авторизации. Срочно нужна помощь.",IT-проблемы,ru
"Good afternoon, The schedule in the system does not match. I do not know what to do.",Расписание,en
The classroom is incorrect,Расписание,en
У меня проблема: Преподаватель грубо отвечает. Это очень важно.,Преподаватели,ru
"Please help, The payment is ztuck in the system. I need urgent help.",Финансы,en
Добрый день не вижу schedule на сегодня. Помогите пожалуйста.,Расписание,mixed
The teacher is ignoring my meszages. I do not know what to do.,Преподаватели,en
I do not have access to documents,Документы,en
"Здравствуйте, Аудитория указана неверно. Помогите пожалуйста.",Расписание,ru
"Please help, I need housing as an international student. I have been trying to solve this for several days.",Иностранные студенты,en
"личный кабнет не работает. Я не знаю, что делать.",IT-проблемы,ru
The list of books is not displayed,Библиотека,en
I cannot download study matereals,Библиотека,en
I cannot extend my visa,Иностранные студенты,en
Не могу получить доступ к библиотеке,Библиотека,ru
"Good afternoon, recaipt is missing. I nee urgent help.",Финансы,en
Проблема с ВНЖ,Иностранные студенты,ru
У меня проблема: Не могу войти в систему. Помогите пожалуйста.,IT-проблемы,ru
I have a problem with a teacher,Преподаватели,en
"Hello, I cannot register for a course",Регистрация,en
Проблема с экзаменационными результатами,Экзамены,ru
не могу забрать справку,Документы,ru
I cannot access the library,Библиотека,en
student account не работает,IT-проблемы,mixed
Неверно указана оценка,Экзамены,ru
У меня проблема: Нет доступа к документам,Документы,ru
"Hello, The portal is not responding. I need urgent help.",IT-проблемы,en
"Good afternoon, Server error when opening the page. I have been trying to solve this for several days.",IT-проблемы,en
электронная library лагает. Срочно нужна помощь.,Библиотека,mixed
Не принимают копию паспорта,Иностранные студенты,ru
личный кабнет не работает,IT-проблемы,ru
Неправильно стоит оценка за тест,Экзамены,ru
"Could you please help me, I cannot get my student ID card. This is very important.",Документы,en
I have a probem: The registrati0n was canceled automatically. This is vary important.,Регистрация,en
Занятие перенесено без уведомления,Расписание,ru
Транскрипт не готов,Документы,ru
электронка библиотеки лагает. Уже несколько дней нне могу решить проблему.,Библиотека,ru
"Hello, registration error",Регистрация,en
Жалоба на преподователя. Помогите пожалуйста.,Преподаватели,ru
Документ не готов,Документы,ru
"Помогите, Результаты появились с ошибкой. Срочно нужнно помощь.",Экзамены,ru
Не загружается электронная платформа,IT-проблемы,ru
"Здравствуйте, Не могу оформить регистрацию по месту пребывания. Я не знаю, что делать.",Иностранные студенты,ru
паспорт не приняли в деканате,Иностранные студенты,ru
"Добрый день, Не могу выбрать дисциплину. Я не знаю, что делать.",Регистрация,ru
Книга недоступна,Библиотека,ru
"Помогите, Документ оформлен с ошибкой. Я не знаю, что делать.",Документы,ru
I cannot get a receipt,Финансы,en
I cannot pay for the semezter,Финансы,en
student account не работает,IT-проблемы,mixed
I cannot get a certificate. This is very important.,Документы,en
"Здравствуйте, не дает выбрать курс. Помогите пожалуйста.",Регистрация,ru
The schedule in the system does not match,Расписание,en
"Добрый день, Не могу зорегистрироваться на курс. Это очень важно.",Регистрация,ru
"Please help, The document status is not displayed. Please help me.",Документы,en
"Hello, I need help with my passport. This is very important.",Иностранные студенты,en
не могу login в личный кабинет,IT-проблемы,mixed
"Добрый день, payment прошел но квитанции нет. Помогите пожалуйста.",Финансы,mixed
"Good afternoon, The money was charged but the payment was not confirmed. Please help me.",Финансы,en
Не могу посмотреть результаты,Экзамены,ru
I cannot access the library,Библиотека,en
"Добрый день, не дает выбрать курс. Помогите пожалуйста.",Регистрация,ru
Возникла ошибка регистрации,Регистрация,ru
Не могу восстановить пароль,IT-проблемы,ru
не могу register на курс,Регистрация,mixed
payment прошел но квитанции нет,Финансы,mixed
"Здравствуйте, Деньги списаны, но платеж не подтвержден. Уже несколько дней не могу решить проблему.",Финансы,ru
The pass result is missing,Экзамены,en
I cannot contact the teacher,Преподаватели,en
"Please help, I cannot open the electronic textbook. I have been trying to solve this for several days.",Библиотека,en
"Hello, The payment receipt did not arrive. This is very important.",Финансы,en
Неверно указано время занятия,Расписание,ru
I cannot complete my residence registration,Иностранные студенты,en
teacher игнорит сообщения,Преподаватели,mixed
Неверно указано время занятия. Уже несколько дней не могу решить проблему.,Расписание,ru
"Помогите, Не могу войти в систему. Помогите пожалуйста.",IT-проблемы,ru
"Здравствуйте, Проблема с онлайн расписанием. Помогите пожалуйста.",Расписание,ru
не могу extend visa,Иностранные студенты,mixed
"Good afternoon, There is a conflict in the class schedule. This is very important.",Расписание,en
Несправедливая оценка,Преподаватели,ru
"Добрый день, Не получается завершить регистрацию. Уже несколько дней не могу решить проблему.",Регистрация,ru
"Good afternoon, There is a problem with university documents. I do not know what to do.",Документы,en
Нужно сдать анализы для университета,Иностранные студенты,ru
The online learning system is not working,IT-проблемы,en
зчет missing in system,Экзамены,mixed
"Добрый день, кабинет нне грузится",IT-проблемы,ru
Система не принимает заявление,Документы,ru
The schedule in the system does not match,Расписание,en
"Please help, Error while viewing grades. This is very important.",Экзамены,en
The passport copy was not accepted,Иностранные студенты,en
Ошибка в оценках,Экзамены,ru
Exam enrollment is not opening,Регистрация,en
Exam registration is not displayed,Регистрация,en
Не пришла квитанция об оплате,Финансы,ru
Библиотечная система не отвечает,Библиотека,ru
"Помогите, зачет missing in system. Это очень важно.",Экзамены,mixed
There is a problem with my library account,Библиотека,en
"Добрый день, Не открывается расписание в личном кабиннете. Помогите пожалуйста.",IT-проблемы,ru
payment прошел но квитанции нет,Финансы,mixed
Ошбка при оплате через портал,Финансы,ru
I cannot pay for the semester,Финансы,en
"Здравствуйте, Не совпадает расписание в системе",Расписание,ru
Не получил зачет,Экзамены,ru
"Could you pleaze help me, I need access to course materials. I have been trying to solve this for several days.",Библиотека,en
The platform logs me out automatically,IT-проблемы,en
dormitory confirmation is missing,Иностранные студенты,en
The e-learning platform is not loading,IT-проблемы,en
"Please help, The payment is stuck in the system. I need urgent help.",Финансы,en
Ошибка при входе в электронную библиотеку,Библиотека,ru
The course is not available for registration,Регистрация,en
"Подскажите пожалуйста, Не могу получить студенческий билет",Документы,ru
"Please help, A registration error occurred. I have been trying to solve this for several days.",Регистрация,en
I have a problem with my visa,Иностранные студенты,en
The teacher gave me the wrong grade,Преподаватели,en
"У меня проблема: нет инфы на английском. Я не знаю, что делать.",Иностранные студенты,ru
There is a problem with document processing. I have been trying to solve this for several days.,Документы,en
Не работает электронная библиотека,Библиотека,ru
"Could you please help me, My group is missing from the schedule. I have been trying to solve this for several days.",Расписание,en
"Добрый день, Проблема с преподавателем. Уже несколько дней не могу решить проблему.",Преподаватели,ru
"Помогите, Не работает электронная библиотека. Срочно нужна помощь.",Библиотека,ru
"Здравствуйте, аудитория не та. Уже несколько дней не могу решить проблему.",Расписание,ru
I do not have access to documents,Документы,en
"Подскажите пожалуйста, не могу login в личный кабинет. Это очень важно.",IT-проблемы,mixed
The schedule is displayed incorrectly,Расписание,en
лектор отменил пару,Преподаватели,ru
"Подскажите пожалуйста, Ошибка при оплатте через портал. Это оченнь важно.",Финансы,ru
Error while paying through the portal,Финансы,en
"Hello, There is a problem choosing the study program. This is very important.",Регистрация,en
"Hello, The system does not accept my file",IT-проблемы,en
I cannot choose a discipline,Регистрация,en
I have a problem accessing the university portal,IT-проблемы,en
The teacher replies rudely,Преподаватели,en
"Could y0u please help me, Error while requesting a document. I have been trying to solve this for several days.",Документы,en
Личный кабинет работает слишком медленно,IT-проблемы,ru
tuition payment problem,Финансы,en
"Помогите, Преподаватель отменил занятие. Уже несколько дней не могу решить проблему.",Преподаватели,ru
Документ оформлен с ошибкой,Документы,ru
I cannot register for a course,Регистрация,en
"Помогите, Проблема с университетскими документами. Это очень важно.",Документы,ru
can't enroll in course,Регистрация,en
Payment error,Финансы,en
"Подскажите пожалуйста, Результаты появились с ошибкой. Срочно нужна помощь.",Экзамены,ru
I do not know whet documents are needed for visa,Иностранные студенты,en
"Hello, I do not know how to extend my registration. I have been trying to solve this for several days.",Иностранные студенты,en
The schedule is displayed incorrectly,Расписание,en
"Could you please help me, The schedule in the system does not match. I do not know what to do.",Расписание,en
"Подскажите пожалуйста, Пролема с оплатой общежитея. Я не зною, что делать.",Финансы,ru
"Добрый день, Нет доступа к учебным материалам. Помогите пожалуйста.",Библиотека,ru
Не отображается информация об оплате,Финансы,ru
"Could you please help me, The test grade is incorrect. I do not know what to do.",Экзамены,en
"Помогите, не могу логиниться. Срочно нужна помощь.",IT-проблемы,ru
I have a problem: I cannot complete the registration. I need urgent help.,Регистрация,en
"Помогите, Проблема со страховкой. Уже несколько дней не могу решить проблему.",Иностранные студенты,ru
"Помогите, Не работает онлайн система обучения",IT-проблемы,ru
"Добрый день, Личный кабинет работает слишком медленно. Уже несколько дней не могу решить проблему.",IT-проблемы,ru
I cannot register for the semester. I need urgent help.,Регистрация,en
Библиотечная система не отвечает. Уже несколько дней не могу решить проблему.,Библиотека,ru
Документ не готов,Документы,ru
"У меня проблема: Ошибка в расписании. Я не знаю, что делать.",Расписание,ru
Не могу получить квитанцию,Финансы,ru
"Hello, There is a conflict in the class schedule. Please help me.",Расписание,en
"Добрый день, Заявление зависло в системе. Помогите пожалуйста.",Документы,ru
Нужна памощь с паспортом,Иностранные студенты,ru
Ошибка при входе в аккаунт,IT-проблемы,ru
"Помогите, не могу скачать методичку. Это очень важнно.",Библиотека,ru
I cannot get a receipt. I hava been trying to solve this for zeveral days.,Финансы,en
Не отображается расписание,Расписание,ru
"Please help, The system does not accept my application. I need urgent help.",Документы,en
"резы экзамена пропали. Я не знаю, что делать.",Экзамены,ru
не могу pay tuition. Это очень важно.,Финансы,mixed
Портал не оттвечает,IT-проблемы,ru
"Подскажете пожалуйста, Преподаватель не загрузил материалы",Преподаватели,ru
"Hello, The platform logs me out automatically. Please help me.",IT-проблемы,en
Проблема с экзаменационными результатами,Экзамены,ru
I cannot get feedback from the teacher. I have baen trying to zolve this for several days.,Преподаватели,en
Не удается скачать учебный материал,Библиотека,ru
The class time has changed,Расписание,en
"Здравствуйте, Платеж прошел два раза. Я не знаю, что делать.",Финансы,ru
У меня проблема: migration card проблема. Помогите пожалуйста.,Иностранные студенты,mixed
I have a problem: I have a problem accessing the university portal,IT-проблемы,en
Не отображаются результаты экзамена,Экзамены,ru
Не могу записаться на предмет,Регистрация,ru
У меня проблема: не могу download книгу,Библиотека,mixed
Не могу выбрать дисциплину,Регистрация,ru
Система не принимает заявление,Документы,ru
"Помогите, Неверно указана оценка. Это очень важно.",Экзамены,ru
Не могу записаться на предмет,Регистрация,ru
I cannot get feedback from the teacher,Преподаватели,en
"Hello, The document status is not displayed. This is very important.",Документы,en
"Здравствуйте, Ошибка при регистрации на предмет. Помогите пожалуйста.",Регистрация,ru
payment прошел но квитанции нет,Финансы,mixed
Payment error,Финансы,en
I cannot get my student ID card,Документы,en
"Помогите, Не отображается допуск к экзамену. Это очень важно.",Экзамены,ru
Не отображается список книг. Срочно нужна помощь.,Библиотека,ru
"Добрый день, Не отображается расписание. Уже несколько дней не могу решить проблему.",Расписание,ru
"Good afternoon, The library system is not responding. Please help me.",Библиотека,en
Проблема с доступом к университетскому порталу,IT-проблемы,ru
У меня проблема: общага для иностранцев не подтверждена. Срочно нужна помощь.,Иностранные студенты,ru
Преподаватель игнорирует сообщения,Преподаватели,ru
У меня проблема: Не удается скачать учебный материал. Помогите пожалуйста.,Библиотека,ru
teacher игнорит сообщения,Преподаватели,mixed
Не работает личный кабинет,IT-проблемы,ru
I have a problem: There is a problem with my library account. I do not know what to do.,Библиотека,en
"Please help, book file does not open. I need urgent help.",Библиотека,en
"Помогите, Система не принимает заявление. Я не знаю, что делать.",Документы,ru
"Добрый день, Занятие перенесено без уведомления. Помогите пожалуйста.",Расписание,ru
"Could you please help me, I do not have access to exam information. This is very important.",Экзамены,en
"Could you please help me, I need access to course materials. I have been trying to solve this for several days.",Библиотека,en
The payment was charged twice,Финансы,en
Проблема с преподавателем,Преподаватели,ru
The library website does not let me download the file,Библиотека,en
The class is shown on the wrong day,Расписание,en
The portal is not responding,IT-проблемы,en
I have a problem: The grade is incorrect. I do not know what t0 do.,Экзамены,en
Система не принимает заявление,Документы,ru
универ сайт лагает,IT-проблемы,ru
can't enroll in course,Регистрация,en
The teacher did not upload the materials,Преподаватели,en
Нет доступа к енформации об экзомене,Экзамены,ru
Занятие перенесено без уведомления,Расписание,ru
I need a document for my visa. I have been trying to solve this for several days.,Документы,en
не вижу schedule на сегодня. Срочно нужна помощь.,Расписание,mixed
Паспортные данные указаны неверно,Иностранные студенты,ru
"Добрый день, Ошибка при регистрации на предмет. Это очень важно.",Регистрация,ru
"Hello, There is a problem choosing the study program. I need urgent help.",Регистрация,en
payment прошел но квитанции нет,Финансы,mixed
"Good afternoon, I cannot contact the teacher. I need urgent help.",Преподаватели,en
электронная library лагает,Библиотека,mixed
My foreign documents are not accepted. I need urgent help.,Иностранные студенты,en
не могу получить insurance,Иностранные студенты,mixed
"Hello, I cannot see my class. I do not know what to do.",Расписание,en
не дает enroll в предмет,Регистрация,mixed
У меня проблема: registration на экзамен не работает,Регистрация,mixed
I cannot find the classroom,Расписание,en
"Please help, The schedule in the zystem d0es not match. I do not know what to do.",Расписание,en
"Добрый день, резы экзамена пропали. Помогите пожалуйста.",Экзамены,ru
"Помогите, Система выдает ошибку при авторизации. Срчна нужно помощь.",IT-проблемы,ru
portal keeps crashing,IT-проблемы,en
The payment was charged twice,Финансы,en
Сайт университета не открывается,IT-проблемы,ru
professor ignorez messages,Преподаватели,en
Не работает электронная библиотека,Библиотека,ru
общага для иностранцев не подтверждена,Иностранные студенты,ru
wrong exam grade,Экзамены,en
нужен документ для визы,Документы,ru
The class time is incorrect. I do not know what to do.,Расписание,en
I cannot pay my tuition fee,Финансы,en
"Добрый день, аудитория не та. Это очень важно.",Расписание,ru
зачет missing in system,Экзамены,mixed
У мен проблима: Регисттрация была отменена автоматически. Помогите пожалуйста.,Регистрация,ru
The book is not available. I do not know what to do.,Библиотека,en
The document status is not displayed. I need urgent help.,Документы,en
The course is not available for registration. I do not know what to do.,Регистрация,en
"Добрый день, Система не позволяет зарегистрироваться. Срочно нужна помощь.",Регистрация,ru
"Помогите, Не могу получить квитанцию",Финансы,ru
Проблема с университетскими документами,Документы,ru
"Здравствуйте, Не отображаются результаты экзамена. Я не знаю, что делать.",Экзамены,ru
My student portal is frozen,IT-проблемы,en
The grade is missing in the system. I have been trying to solve this for several days.,Экзамены,en
I cannot contact the teacher,Преподаватели,en
The online learning system is not working,IT-проблемы,en
registration на экзамен не работает,Регистрация,mixed
Exam enrollment is not opening,Регистрация,en
"Подскажите пожалуйста, Не могу получить доступ к библиотеке. Это очень важно.",Библиотека,ru
Не могу связаться с преподавателем,Преподаватели,ru
Платформа не принимаетт файл,IT-проблемы,ru
"Помогите, Сайтт университета лагоет. Помогите пожалуйста.",IT-проблемы,ru
У меня проблема: Не могу зарегистрироваться на курс. Помогите пожалуйста.,Регистрация,ru
не могу login в личный кабинет,IT-проблемы,mixed
"Подскажите пожалуйста, Система выдает ошибку при овторизации. Я не знаю, что делать.",IT-проблемы,ru
"Good afternoon, The payment is stuck in the system. I do not know what to do.",Финансы,en
"Good afternoon, The course is not available for registration. Please help me.",Регистрация,en
нужен certificate для визы,Документы,mixed
"Подскажити пожалуйста, Проблима со страховкой. Это очень важно.",Иностранные студенты,ru
I have a problem: There is a problem with dormitory for international students,Иностранные студенты,en
"Could you please help me, I cannot complete the registration",Регистрация,en
student account not loading. I do not kn0w what to do.,IT-проблемы,en
"Подскажите пожалуйста, document status не обновляется. Уже несколько дней не могу решить проблему.",Документы,mixed
lcturer canceled the class,Преподаватели,en
receipt is missing,Финансы,en
class time неверное,Расписание,mixed
The schedule is not displayed,Расписание,en
Конфликт в расписании занятий,Расписание,ru
"Hello, I cannot see my class. Please help me.",Расписание,en
электронка библиотеки лагает,Библиотека,ru
medical tests were rejected,Иностранные студенты,en
"Please help, The list of books is not displayed",Библиотека,en
"Подскажите пожалуйста, Не могу получить студенческий билет. Это очень важно.",Документы,ru
The payment receipt did not arrive,Финансы,en
Не могу оплатить семестр,Финансы,ru
"Please help, Exam data is not available. I have been trying to solve this for several days.",Экзамены,en
Преподаватель не загрузил материалы,Преподаватели,ru
"Good afternoon, I cannot get a receipt. I need urgent help.",Финансы,en
У меня проблема: Ошибка при запрасе документа. Помогите пожалуйста.,Документы,ru
"Помогите, Преподаватель не проверяет задания",Преподаватели,ru
Не отображается регистрация на экзамен,Регистрация,ru
I need to apply for temporary residence permit,Иностранные студенты,en
"Добрый день, не доет выбрать курс. Я не знаю, что делть.",Регистрация,ru
The registration was canceled automatically,Регистрация,en
Преподаватель грубо отвечает,Преподаватели,ru
"Здравствуйте, Не могу получить студенческий билет. Я не знаю, что делать.",Документы,ru
"Good afternoon, The online pletform keeps freezing. Please help me.",IT-проблемы,en
The confirmation code does not arrive,IT-проблемы,en
"Hello, The clazz diseppeared from the schedule. I do not know what to do.",Расписание,en
money charged but still unpaid,Финансы,en
"Подскажите пожалуйста, ошибка регестрации. Помогите пожалуйста.",Регистрация,ru
не могу pa tuition,Финансы,mixed
Не работает личный кабинет,IT-проблемы,ru
"Здровствуйте, payment прошел но квитанции нет. Срочно нужна помощь.",Финансы,mixed
"Подскажите пожалуйста, Не согласен с оценкой преподавателя",Преподаватели,ru
"Could you please help me, My student portal is frozen",IT-проблемы,en
"Please help, The registration was canceled automatically. I need urgent help.",Регистрация,en
Не отображается регистрация на экзамен,Регистрация,ru
There is an error in my grades,Экзамены,en
Ошибка при оплате через портал,Финансы,ru
I do not have access to study materials,Библиотека,en
Преподаватель грубо отвечает,Преподаватели,ru
"Подскажите пожалуйста, Ни удается скочать учебный материал. Срочно нужна помощь.",Библиотека,ru
I have a problem: money charged but still unpaid. I have been trying to solve this for several days.,Финансы,en
I have a problem: tuition payment problem. I do not know what to do.,Финансы,en
"Good aftern0on, There is an error in tha schedule",Расписание,en
"Здравствуйте, Не могу скачать документ. Помогите пожалуйста.",Документы,ru
"Подскажите пожалуйста, Не пришла квитанция об оплате. Уже несколько дней не могу решить проблему.",Финансы,ru
"Could you please halp me, I cannot find the classroom. Pleasa help me.",Расписание,en
"Добрый день, Сайт университета лагает",IT-проблемы,ru
Не отображается статус документа,Документы,ru
Оплата зависла в системе,Финансы,ru
"Hello, document request not processed",Документы,en
Не согласен с оценкой преподавателя,Преподаватели,ru
"Could you please help me, passport issue with university office. I have been trying to solve this for several days.",Иностранные студенты,en
зачет missing in system,Экзамены,mixed
зачет missing in system,Экзамены,mixed
There is a problem with universety documents,Документы,en
I cannot find the classroom,Расписание,en
"Please help, I cannot choose a discepline",Регистрация,en
lecturer cenceled the class. This is very important.,Преподаватели,en
The course is not available for registretion,Регистрация,en
"Добрый день, Не загружается электронная платформа. Помогите пожалуйста.",IT-проблемы,ru
У миня проблема: Ошибка поиска книги. Помогите пжалуйста.,Библиотека,ru
My foreign documents are not accepted,Иностранные студенты,en
"Помогите, Не отображается статус документа",Документы,ru
"Could you please help me, There is a problem with the migration office. Please help me.",Иностранные студенты,en
Сайт университета не открывается,IT-проблемы,ru
не могу оплатить общагу,Финансы,ru
"Please help, The library website does not let me download the file",Библиотека,en
I have a problem: teacher not checking homework,Преподаватели,en
"Добрый день, Нет доступа к учебным материолам. Я не знаю, что делать.",Библиотека,ru
"Подскажите пожалуйста, Не согласен с оценкой преподавателя. Это очень важно.",Преподаватели,ru
I cannot extend the book loan period,Библиотека,en
Не совпадает расписание в системе,Расписание,ru
не могу записаться,Регистрация,ru
"Hello, The platform logs me out automatically. I have been trying to solve this for several days.",IT-проблемы,en
"Hello, The system shows an error during authorization",IT-проблемы,en
"Hello, I cannot open the exam sheet. I have been trying to solve this for several days.",Экзамены,en
"Добрый день, Преподаватель поставил неправильную оценку. Это очень важно.",Преподаватели,ru
"Подскажите пожалуйста, Проблема с заселением в общежитие",Иностранные студенты,ru
личнный кабнет не работтает,IT-проблемы,ru
The grade is missing in the system,Экзамены,en
My group is missing from the schedule,Расписание,en
Аудитория указана неверно,Расписание,ru
"Good afternoon, Error while registering for a subject",Регистрация,en
"Hello, The system shows an error during authorization. I do not know what to do.",IT-проблемы,en
"Could you please help me, course registration failed. This is very important.",Регистрация,en
I cannot get feedback from the teacher,Преподаватели,en
The system shows an error during authorizateon,IT-проблемы,en
"Please help, The portal es not responding",IT-проблемы,en
"Помогите, Преподователь грубо отвечает. Срочно нужна помащь.",Преподаватели,ru
There is a problem with my medical insurance,Иностранные студенты,en
I cannot submit my assignment through the platform,IT-проблемы,en
The teacher replies rudely,Преподаватели,en
The lecturer did not come to class,Преподаватели,en
student account not loading,IT-проблемы,en
Не могу оплатить семестр,Финансы,ru
"Здравствуйте, Ошибка поиска книги. Уже несколько дней не могу решить проблему.",Библиотека,ru
Жалоба на преподавателя,Преподаватели,ru
В росписаннии ннет моей группы,Расписание,ru
Не могу оформить медицинскую страховку,Иностранные студенты,ru
Не получил зачет,Экзамены,ru
digital library is lagging,Библиотека,en
У меня проблема: Ошибка оплаты. Срочно нужна помощь.,Финансы,ru
Не могу получить справку,Документы,ru
Не отображаются результаты экзамена,Экзамены,ru
"Could you please help me, The payment receipt did not arrive. I have been trying to solve this for several days.",Финансы,en
I cannot pay for the semester,Финансы,en
не могу register на курс,Регистрация,mixed
I have a problem: My group is missing from the schedule. Please help me.,Расписание,en
I have a problem: The system rejects the payment. Please help me.,Финансы,en
Ошибка при просмотре оценок,Экзамены,ru
"Помогите, library account не работает. Уже несколько дней не могу решить проблему.",Библиотека,mixed
не могу pay tuition,Финансы,mixed
The payment receipt did not arrive. I do not know what t0 do.,Финансы,en
The systam does not accept my applicaton,Документы,en
The grade is missing in the system,Экзамены,en
Не могу записаться на предмет,Регистрация,ru
"Go0d afternoon, My studant portal is frozen. I do not know what to do.",IT-проблемы,en
The document contains an error,Документы,en
"Hello, The digital library is not working. I heve been trying to solve this for severel days.",Библиотека,en
"Помогите, не дает enroll в предмет",Регистрация,mixed
Расписание отображается неправильно. Срочно нужна помощь.,Расписание,ru
Exam results are not displayed. This is very emportant.,Экзамены,en
личный кабнет не работает,IT-проблемы,ru
"Помогите, Платформа не принимает файл. Уже несколько дней не могу решить проблему.",IT-проблемы,ru
The grade is missing in the system,Экзамены,en
Проблема при выборе учебной программы,Регистрация,ru
The payment does not go through,Финансы,en
"Здравствуйте, Неверно указана оценка. Это очень важно.",Экзамены,ru
There is a problem with exam results,Экзамены,en
exam results disappeared,Экзамены,en
I have a problem: The teacher canceled the class. I have been trying to zolve this for sevaral days.,Преподаватели,en
"Hello, The schedule is not displayed. This is very important.",Расписание,en
I cannot open he electronic textbook,Библиотека,en
"Could you please help me, I do not have access to exam information",Экзамены,en
The registrati0n waz canceled automatically,Регистрация,en
There is a problem with univarsity documents,Документы,en
student account not loading,IT-проблемы,en
У меня проблема: Платформа не принимает файл. Это очень важно.,IT-проблемы,ru
I cannot pay my tuition fee,Финансы,en
Не могу записаться на предмет,Регистрация,ru
нужна help with dormitory,Иностранные студенты,mixed
У меня проблема: Проблема с регистрацией. Это очень важно.,Регистрация,ru
"Добрый день, Система выбрасывает меня из аккаунта. Срочно нужна помощь.",IT-проблемы,ru
The grade is missing in the system. I have been trying to solve this for several days.,Экзамены,en
не могу contact преподавателя,Преподаватели,mixed
"Подскажите пожалуйста, Несправедливая оценка. Я не знаю, что делать.",Преподаватели,ru
The enrollment certificate is not loading,Документы,en
Не могу посмотреть результаты,Экзамены,ru
I have a problem with a teacher,Преподаватели,en
I have a problem: academic certificate is missing. Please help me.,Документы,en
"Здравствуйте, Не открывается расписание в личном кабинете. Помогите пожалуйста.",IT-проблемы,ru
"Could you please help me, wrong exam grade. I do not know what to do.",Экзамены,en
Нет доступа к документам,Документы,ru
Проблема с медицинскими анализами,Иностранные студенты,ru
не могу оплатить общагу,Финансы,ru
I cannot choose a discipline. I need urgent help.,Регистрация,en
Exam enrollment is not opening,Регистрация,en
Платеж прошел два раза,Финансы,ru
The teacher does not check assignments,Преподаватели,en
I cannot download the document,Документы,en
registration на экзамен не работает. Это очень важно.,Регистрация,mixed
не вижу пару,Расписание,ru
My student account is working very slowly,IT-проблемы,en
"Подскажите пожалуйста, Аудитория указана неверно. Это очень важно.",Расписание,ru
I have a problem: I need help with my passport. I do not know what to do.,Иностранные студенты,en
Не могу зарегистрироваться на семестр,Регистрация,ru
can't ope my account,IT-проблемы,en
"Здравствуйте, личный кабнет не работает. Уже несколько дней не могу решить проблему.",IT-проблемы,ru
Транскрипт не готов,Документы,ru
I cannot extend the book loan period,Библиотека,en
не могу скачать методичку,Библиотека,ru
I cannot reset my passord,IT-проблемы,en
The document status is not displayed,Документы,en
Вознекла ошибка регистрации,Регистрация,ru
document status не обновляется,Документы,mixed
"Здравствуйте, Система не дает выбрать группу. Уже несколько дней не могу решить проблему.",Регистрация,ru
"Помогите, не могу забрать справку",Документы,ru
Ошибка поиска книги,Библиотека,ru
document status не обновляеттся,Документы,mixed
There is a problem with the online schedule. Please help me.,Расписание,en
There is a conflict in the class schedule,Расписание,en
"Could you please help me, There is a problem choosing the study program. This is very important.",Регистрация,en
"Помогите, Проблема с платежом. Уже несколько дней не могу решить проблему.",Финансы,ru
Проблема с униврситетскими докуминтами,Документы,ru
"Помогите, Не работает онлайн система обучения. Это очень важно.",IT-проблемы,ru
не могу download справку,Документы,mixed
У меня проблема: не дает enroll в предмет,Регистрация,mixed
There is a problem with dormitory check-in,Иностранные студенты,en
Преподаватель грубо отвичает,Преподаватели,ru
не могу download книгу,Библиотека,mixed
The grada is unfair,Преподаватели,en
"Good afternoon, I cannot ragister for a course. I nead urgent help.",Регистрация,en
"Здравствуйте, Не работает электранная библиаттека. Я не знаю, что делать.",Библиотека,ru
Не работает онлайн система обучения,IT-проблемы,ru
"Could you please help me, The classroom is incorrect",Расписание,en
"Подскажите пожалуйста, Преподаватель грубо отвечает",Преподаватели,ru
teacher игнорит сообщения. Уже несколько дней не могу решить проблему.,Преподаватели,mixed
У меня проблема: Платформа не принимает файл. Уже несколько дней не могу решить проблему.,IT-проблемы,ru
"Добрый день, Не работает онлайн система обучения. Я не знаю, что делать.",IT-проблемы,ru
The results appeared with an error,Экзамены,en
I cannot download study materials,Библиотека,en
"Помагите, Не могу оплатить обучение. Уже несколько дней не могу решить проблему.",Финансы,ru
регистрация слетела,Регистрация,ru
"Подскажите пожалуйста, Система не позволяет зарегистрироваться",Регистрация,ru
"Подскожите пожалуйста, Платеж нне проходит. Помогити пожалуйста.",Финансы,ru
личный кабнет не работает,IT-проблемы,ru
Не понимаю где пройти медицинскую комиссию,Иностранные студенты,ru
"Добрый день, квитанция не появилась. Помогите пожалуйста.",Финансы,ru
Ошибка при оформлении визы,Иностранные студенты,ru
"Good afternoon, money charged but still unpaid. I have been trying to solve this for several days.",Финансы,en
Не работает личный кабинет,IT-проблемы,ru
Не могу получить справку,Документы,ru
Портал не отвечает,IT-проблемы,ru
teacher игнорит сообщения,Преподаватели,mixed
"У меня проблема: Не могу войти в систему. Я не знаю, что делать.",IT-проблемы,ru
Пара стоит в неправильный день,Расписание,ru
"Помогите, Не совпадает расписание в системе. Я не знаю, что делать.",Расписание,ru
"Good afternoon, Login error in my account. This is very important.",IT-проблемы,en
"Здравствуйте, не могу pay tuition. Помогите пожалуйста.",Финансы,mixed
The online platform keeps freezing,IT-проблемы,en
tuition payment problm,Финансы,en
There is a problem with the online schedule,Расписание,en
препод не отвечает,Преподаватели,ru
У меня проблема: общага для иностранцев не подтверждена. Уже несколько дней не могу решить проблему.,Иностранные студенты,ru
Несправедливая аценка,Преподаватели,ru
"Good afternoon, The schedule in tha system does not match. I need urgent help.",Расписание,en
"Здравствуйте, не могу upload файл на платформу. Уже несколько дней не могу решить проблему.",IT-проблемы,mixed
не могу скачать методичку,Библиотека,ru
"Добрый день, Не могу зарегистрироваться на курс. Уже несколько дней не могу решить проблему.",Регистрация,ru
не вижу schedule на сегодня,Расписание,mixed
Не могу найти аудиторию,Расписание,ru
"Добрый день, Проблема с университетскими документами. Уже несколько дней не могу решить проблему.",Документы,ru
I do not have access to study materials,Библиотека,en
I cannot register for a course,Регистрация,en
The document contains an error,Документы,en
"Добрый день, препод игнорит. Это очень важно.",Преподаватели,ru
Преподаватель не отвечает на сообщения,Преподаватели,ru
I have a problem: The student portal is not working,IT-проблемы,en
"Подскажите пожалуйста, Конфликт с преподавателем. Уже несколько дней нне могу решить проблему.",Преподаватели,ru
Нужна академическая справка,Документы,ru
"Здравствуйте, Проблема с экзаменационными результатами. Срочно нужна помощь.",Экзамены,ru
"Добрый день, не вижу оценки. Уже несколько дней не могу решить проблему.",Экзамены,ru
Преподаватель игнорирует сообщения,Преподаватели,ru
The class time has changed,Расписание,en
"Hello, professor ignores messages. I do not know what to do.",Преподаватели,en
I cannot choose a discipline,Регистрация,en
Оценка отсутствует в системе,Экзамены,ru
не вижу exam results,Экзамены,mixed
visa extension problem,Иностранные студенты,en
У меня проблема: не могу скачать методичку. Уже несколько дней не могу решить проблему.,Библиотека,ru
I cannot register for the semester,Регистрация,en
"Please help, course regstration failed. This is very emportant.",Регистрация,en
"Помогите, не могу pay tuition",Финансы,mixed
"У меня проблема: препод не отвечает in chat. Я не знаю, что делать.",Преподаватели,mixed
can't open my account,IT-проблемы,en
"Please help, money charged but still unpaid. I have been tryin to solve this for saveral days.",Финансы,en
I have a problem: I cannot register for a course. I have been trying to solve this for several days.,Регистрация,en
passport данные неправильные,Иностранные студенты,mixed
The payment is stuck in the system. This is very important.,Финансы,en
не вижу оценки,Экзамены,ru
аплата не проходит,Финансы,ru
расписание кривое,Расписание,ru
"Помогите, class time неверное. Помогите пожалуйста.",Расписание,mixed
"Good afternoon, I cannot log in to my student account. I need urgent help.",IT-проблемы,en
"Добрый день, Транскрипт не готов",Документы,ru
"Помогите, Счет за обучение отображается неверно. Срочно нужна помощь.",Финансы,ru
"Добрый день, Ошибка поиска книги. Помогите пожалуйста.",Библиотека,ru
"Hello, The class time has changed. I need urgent help.",Расписание,en
migration card проблема,Иностранные студенты,mixed
Преподаватель грубо отвечает,Преподаватели,ru
Паспортные данные указаны неверно,Иностранные студенты,ru
Не могу получить квитанцию,Финансы,ru
"Подскажите пожалуйста, Ошибка при регистрации миграционных документов. Уже несколько дней не могу решить проблему.",Иностранные студенты,ru
Migration registration is not ready,Иностранные студенты,en
"Здравствуйте, Не могу войти в систему. Это очень важно.",IT-проблемы,ru
"Помогите, не могу pay tuition. Уже несколько дней не могу решить проблему.",Финансы,mixed
"Could you please help me, My transcript is not ready. I need urgent help.",Документы,en
Платиж прашел два раза,Финансы,ru
"Could you please help me, money charged but still unpaid. I need urgent help.",Финансы,en
"Could you please help me, I need help with accommodation. Please help me.",Иностранные студенты,en
"Hello, uni website is down. I do not know what to do.",IT-проблемы,en
"Could you please help me, I cannot contact the teacher. I need urgent help.",Преподаватели,en
"Please help, I disagree with the teacher's grade. This is very important.",Преподаватели,en
не вижу schedule на сегодня,Расписание,mixed
I cannot axtend the book loan period,Библиотека,en
"Добрый день, препод игнорит. Срочно нужна помощь.",Преподаватели,ru
Проблема при выборе учебной программы,Регистрация,ru
"Подскажите пожалуйста, ни могу оплатить общагу. Срочно нужна помощь.",Финансы,ru
"Пдскажите пожалуйстта, student account нне работает. Это очинь важно.",IT-проблемы,mixed
Ошибка при просмотре оценок,Экзамены,ru
medical tests не приняли,Иностранные студенты,mixed
I cannot register for the semester,Регистрация,en
"Здравствуйте, расписание кривое. Помогите пожалуйста.",Расписание,ru
The schedule in the system does not match,Расписание,en
"Could you please help me, The teacher is ignoring my messages. I have been trying to solve this for several days.",Преподаватели,en
"Здравствуйте, Справка об обучении не загружается. Помогите пожалуйста.",Документы,ru
Проблема с переводом документов,Иностранные студенты,ru
препод не отвечает in chat,Преподаватели,mixed
A registration error occurred. This is very important.,Регистрация,en
"Помогите, Библиоека не дает скачать файл",Библиотека,ru
document status не обновляется,Документы,mixed
регистрация слетела,Регистрация,ru
"Hello, The confirmation code does not arrive. I need urgent help.",IT-проблемы,en
"Good afternoon, The digital library is not working. Please help me.",Библиотека,en
The registration was canceled automatically,Регистрация,en
There is a problem with document translation,Иностранные студенты,en
"Good afternoon, I do not have access to exam information. Please help me.",Экзамены,en
"Could you please help me, The enrollment certificate is not loading. I need urgent help.",Документы,en
"Hello, The university website is lagging. I have been trying to solve this for several days.",IT-проблемы,en
dorm payment issue,Финансы,en
I have a problem: I cannot get a certificate. I need urgent help.,Документы,en
Материал заблокирован,Библиотека,ru
У меня проблема: Сестема нне дает выбрать группу. Помогите пожалуйста.,Регистрация,ru
"Добрый день, Проблема с онлайн расписанием. Я не знаю, что делать.",Расписание,ru
Не могу зарегистрироваться на курс,Регистрация,ru
не дает enroll в предмет,Регистрация,mixed
I have a problem: The library website does not let me download the file,Библиотека,en
Не могу получить студенческий билет. Уже несколько дней не могу решить проблему.,Документы,ru
Неверно указано время занятия,Расписание,ru
registration на экзамен не работает,Регистрация,mixed
"Здравствуйте, экзамен не отображается. Уже несколько дней нне могу решить проблему.",Экзамены,ru
"Please help, There is an error in the schedule. I need urgent help.",Расписание,en
My insurance is not displayed in the system,Иностранные студенты,en
"Помогите, деньги charged but статус unpaid. Уже несколько дней не могу решить проблему.",Финансы,mixed
payment прошел но квитанции нет,Финансы,mixed
Error while viewing grades,Экзамены,en
viza extension problem,Иностранные студенты,en
The grade is incorrect. Please help me.,Экзамены,en
"Hello, The classroom is incorrect. I need urgent help.",Расписание,en
Нет доступа к информации об экзамене,Экзамены,ru
There is a problem with exam results,Экзамены,en
Ошибка при регистрации миграционных документтов,Иностранные студенты,ru
"Please help, The document contains an error",Документы,en
Оцена отсутствует в системе,Экзамены,ru
Exam enrollment is not opening,Регистрация,en
Ошибка при запросе документа,Документы,ru
"Good afternoon, academic certificate is missing. I do not know what to do.",Документы,en
"Помогите, Система отклоняет оплату",Финансы,ru
"Please help, A egiztration error occurred. e nead urgent help.",Регистрация,en
Server error when opening the page,IT-проблемы,en
dorm payment issue,Финансы,en
book file does not open,Библиотека,en
The teacher does not reply to messages,Преподаватели,en
"Здравствуйте, Оплата зависла в системе. Помогите пожалуйста.",Финансы,ru
Документ оформлен с ошибкой,Документы,ru
Не загружается электронная платформа,IT-проблемы,ru
I cannot access the library,Библиотека,en
The teacher es ignoring my messages,Преподаватели,en
Справка об обучении не загружается,Документы,ru
"Good afternoon, money charged but still unpaid. This is very important.",Финансы,en
can't enroll in course,Регистрация,en
The system shows an error during authorization,IT-проблемы,en
Конфликт в расписании занятий,Расписание,ru
Преподаватель грубо отвечает,Преподаватели,ru
"Здравствуйте, Проблема с регистрацией",Регистрация,ru
Пара исчезла из расписания. Срочно нужно помощь.,Расписание,ru
The teacher did not upload the materials,Преподаватели,en
препод не отвечает in chat,Преподаватели,mixed
"Please help, I cannot enroll in a subject. Please help me.",Регистрация,en
"Please help, The teacher did not upload the materials. This is very important.",Преподаватели,en
Exam data is not available,Экзамены,en
I cannot extend the book loan period,Библиотека,en
"Здравствуйте, квитанция не появилась. Срочно нужна помощь.",Финансы,ru
dorm payment issue,Финансы,en
регистрация слетела,Регистрация,ru
"Добрый день, Не приходит код подтверждения. Помогите пожалуйста.",IT-проблемы,ru
сайт универа keeps crashing,IT-проблемы,mixed
У меня проблема: portal не открывается. Помогите пожалуйста.,IT-проблемы,mixed
"Hello, The system does not allow me to chooze a group. Please help me.",Регистрация,en
"Could you please help me, I have a problem with a teacher. I do not know what to do.",Преподаватели,en
The payment does not go through,Финансы,en
"Could you please help me, The university website does not open",IT-проблемы,en
Аудитория указана неверно,Расписание,ru
"Good afternoon, There is a problem with the online schedule. I have been trying to solve this for several days.",Расписание,en
"Please help, The teacher did not upload the materials. I have been trying to solve this for several days.",Преподаватели,en
Пара стоит в неправильный день,Расписание,ru
Te student portal is not working,IT-проблемы,en
книга не открывается,Библиотека,ru
квитанция не появилась,Финансы,ru
"Здравствуйте, Праблема с переводом документов. Уже нескалько дней не могу ришитть проблему.",Иностранные студенты,ru
The system does not allow me to choose a group,Регистрация,en
Личный кабинет работает слишком медленно,IT-проблемы,ru
не могу upload файл на платформу,IT-проблемы,mixed
"Добрый день, Платеж прошел два раза. Уже несколько дней не могу решить проблему.",Финансы,ru
"Деньги списаны, но платеж не подтвержден",Финансы,ru
Документ не готов. Уже несколько дней не могу решить проблему.,Документы,ru
Занятие пиренесено без уведомления,Расписание,ru
I need help with my passport,Иностранные студенты,en
The grade is incorrect,Экзамены,en
The document status is not displayed,Документы,en
I cannot get medical insurance,Иностранные студенты,en
не могу extend visa,Иностранные студенты,mixed
"Подскажите пожалуйста, Пара исчизла из расписания. Срочно нужна помощь.",Расписание,ru
Не могу оформить временную регистроцию. Уже несколько дней не могу решить проблему.,Иностранные студенты,ru
Документ не готов,Документы,ru
"Добрый день, В расписании нет моей группы. Это очень важно.",Расписание,ru
Не работает личный кабинет,IT-проблемы,ru
The zystem showz an error during auth0rezation,IT-проблемы,en
wrong exam grade,Экзамены,en
receipt is missing,Финансы,en
"Could you please help me, There is a problem with my migration card. I need urgent help.",Иностранные студенты,en
препод не отвечает. Это очень важно.,Преподаватели,ru
"Здравствуйте, не могу upload файл на платформу. Уже несколько дней не могу решить проблему.",IT-проблемы,mixed
"Подскажете пожалуйста, Преподователь поставил неправильную оценку. Уже несколько дней не могу решить праблеу.",Преподаватели,ru
расписание shows wrong classroom,Расписание,mixed
I cannot get a certificate,Документы,en
Нет результата зачета,Экзамены,ru
Нужна помощь с жильем,Иностранные студенты,ru
"Hello, teacher not checking homework. Please help me.",Преподаватели,en
"Could y0u please help me, The tuition invoece is desplayed incorrectly. This is very important.",Финансы,en
Нет информации на английском языке. Помогите пожалуйста.,Иностранные студенты,ru
"Good afternoon, money charged but still unpaid. I do not know what to do.",Финансы,en
"Помогите, Жалоба на преподавателя",Преподаватели,ru
"Подскажите пожалуйста, деканат не обновил документ. Помогите пожалуйста.",Документы,ru
The teacher is ignoring my messages. I have been trying to solve this for several days.,Преподаватели,en
I cannot get feedback from the teacher,Преподаватели,en
"Please help, The student portal is not working",IT-проблемы,en
"Hello, There is a problem with dormitory check-in. I do not know what to do.",Иностранные студенты,en
Не согласен с оценкой преподавателя,Преподаватели,ru
Изменилось время занятий,Расписание,ru
У меня проблема: payment прошел но квитанции нет. Срочно нужна помощь.,Финансы,mixed
There is a problem choosing the study program,Регистрация,en
There is no information in English,Иностранные студенты,en
"Good afternoon, I cannot open the electronic textbook. I need urgent help.",Библиотека,en
Страховка не отображается в системе,Иностранные студенты,ru
"Good afternoon, The system does not allow me to register. I do not know what to do.",Регистрация,en
расписание shows wrong classroom,Расписание,mixed
The document contains an error,Документы,en
There is a problem with medical tests,Иностранные студенты,en
Error while requesting a document. I have been trying to solve this for several days.,Документы,en
"Hello, digital library is lagging. I do not know what to do.",Библиотека,en
I cannot get a certificate,Документы,en
"Добрый день, нужен certificate для везы. Я не знаю, что делать.",Документы,mixed
"Помогите, не могу download справку. Я не знаю, что делать.",Документы,mixed
Платеж прошел два раза,Финансы,ru
Проблема с университетскими документми,Документы,ru
"Good afternoon, student account not loading. Please help me.",IT-проблемы,en
"Добрый день, student account не работает. Это очень важно.",IT-проблемы,mixed
"Hello, The classro0m is incorrect. I have baen trying to solva thiz for several days.",Расписание,en
"Could you please help me, The library website does not let me download the file. This is very important.",Библиотека,en
"Добрый день, Конфликт с преподавателем. Это очень важно.",Преподаватели,ru
"Good afternoon, The class time is incorrect. I do not know what to do.",Расписание,en
"Hello, There is a problem with document translation. This is very important.",Иностранные студенты,en
The teacher did not upload the materials,Преподаватели,en
wrong classroom in schedule,Расписание,en
"Could you please help me, Error while paying through the portal. Please help me.",Финансы,en
"Could you please help me, I cannot extend the book loan period. Thes es very important.",Библиотека,en
I have a problem: I cannot register for a course. This is very important.,Регистрация,en
расписание кривое,Расписание,ru
Несправедливая оценка,Преподаватели,ru
"Подскажите пожалуйста, Система не принимает заявление. Уже несколько дней не могу решить проблему.",Документы,ru
"Здравствуйте, Спавка об обучении не загружается. Это очень важно.",Документы,ru
tuition payment problem,Финансы,en
digital library is lagging,Библиотека,en
Проблема с преподавателем. Уже несколько дней не могу решить проблему.,Преподаватели,ru
Проблема при выборе учебной программы,Регистрация,ru
medical tests were rejected. This is very important.,Иностранные студенты,en
Нет доступа к учебным материалам,Библиотека,ru
Курс ннедоступен для регистрации,Регистрация,ru
"Please help, The system does not accept my application. I need urgent help.",Документы,en
There iz a problem with univesety documents,Документы,en
teacher not chacking homework,Преподаватели,en
I cannot get a certificate,Документы,en
деканат не обновил документ,Документы,ru
The schedule in the system does not match,Расписание,en
"Hello, The system zhows an error during authorization. I do not know what to do.",IT-проблемы,en
academic certificate is missing,Документы,en
Не совпадает расписание в системи,Расписание,ru
Не могу получить квитанцию,Финансы,ru
Не отображается расписании,Расписание,ru
"Pleae help, There is a registration pr0blem. I have been trying to solve this for several days.",Регистрация,en
"Здравсттвуйте, Не отображается расписоние",Расписание,ru
Нет информации на английском языке,Иностранные студенты,ru
I cannot view my results,Экзамены,en
не могу contact преподавателя,Преподаватели,mixed
У меня проблема: Не отображается допуск к экзамену. Срочно нужна помощь.,Экзамены,ru
schedule is wrong. I need urgent help.,Расписание,en
The course is not available for registration,Регистрация,en
"Здравствуйте, Ошибка в оценках. Срочно нужна помощь.",Экзамены,ru
не могу download справку,Документы,mixed
The teacher does not check assignments,Преподаватели,en
У меня проблема: Паспортные данные указаны неверно,Иностранные студенты,ru
Error while logging into the digital library,Библиотека,en
Оплата зависла в системе,Финансы,ru
Ошибка при входе в электронную библиотеку,Библиотека,ru
"Здравствуйте, экзамен не отображается. Срочно нужна помощь.",Экзамены,ru
I cannot enroll in a subject. I need urgent help.,Регистрация,en
Error while requesting a document,Документы,en
I disagree with the teacher's grade,Преподаватели,en
"Помогите, Платформа не принимает файл. Срочно нужна помощь.",IT-проблемы,ru
У меня проблема: teacher игнорит сообщения. Срочно нужна помощь.,Преподаватели,mixed
Преподаватель поставил неправильную оценку,Преподаватели,ru
payment прошел но квитанци нет,Финансы,mixed
"Please help, The list of books is not displayed. Please help me.",Библиотека,en
"Good afternoon, There is a problem paying for the dormitory. This is very important.",Финансы,en
Нет доступа к учебным материалам,Библиотека,ru
Преподаватель поставил неправильную оценку,Преподаватели,ru
There is a problem with dormitory check-in,Иностранные студенты,en
There is a problem with document translation,Иностранные студенты,en
"Помогите, Пара исчезла из расписания. Помогите пожалуйста.",Расписание,ru
"Подскажите пожалуйста, Не удается скачать учебный материал",Библиотека,ru
The library system is not responding. I do not know what to do.,Библиотека,en
Оплата зависла в системе. Это очень важно.,Финансы,ru
"Please help, The passport copy was not accepted",Иностранные студенты,en
registration error,Регистрация,en
Error while paying through the portal. I need urgent help.,Финансы,en
The library system is not responding,Библиотека,en
I cannot download study materials,Библиотека,en
"Подскажите пожалуйста, не могу contact преподавателя. Я не знаю, что делать.",Преподаватели,mixed
My document request is stuck in the system,Документы,en
I cannot get medical insuranca,Иностранные студенты,en
The portal is not responding,IT-проблемы,en
I cannot complete the registration,Регистрация,en
I have a problem: Migration registration is not ready. I have been trying to solva this for several days.,Иностранные студенты,en
registration error,Регистрация,en
Проблема с оформлением документов,Документы,ru
"Please help, The payment is stuck in the system. I do not know what to do.",Финансы,en
The list of books is not displayed,Библиотека,en
A registration error occurred,Регистрация,en
There is a problem choosing the study program,Регистрация,en
"Could you please help me, wrong exam grade. I have been trying to solve this for several days.",Экзамены,en
"Здравствуйте, Оценка отсутствует в системе. Памогите пожалуйста.",Экзамены,ru
Сайт университета лагает,IT-проблемы,ru
teacher not checking homework,Преподаватели,en
"Здравствуйте, Преподаватель грубо отвечает. Помогите пожалуйста.",Преподаватели,ru
class time неверное,Расписание,mixed
There is a registration problem,Регистрация,en
Проблема с платежом,Финансы,ru
Система не принимает заявление. Помогите пожалуйста.,Документы,ru
"Подскажите пожалуйсто, Транскрипт не готов. Это очень важно.",Документы,ru
"Помогите, Не могу получить студенческий билет. Срочно нужна помощь.",Документы,ru
Не согласен с оценкой преподавателя,Преподаватели,ru
"Hello, There is not enough information for international students. I have been trying to solve this for several days.",Иностранные студенты,en
У меня проблема: Нужно сдать анализы для университета. Уже несколько дней не могу решить проблему.,Иностранные студенты,ru
The schedule is displayed incorrectly,Расписание,en
Exam data is not available,Экзамены,en
The lecturer did not come to class,Преподаватели,en
Login error in my account,IT-проблемы,en
"Добрый день, Преподаватель поставил неправильную оценку. Это очень важно.",Преподаватели,ru
Не отображается регистрация на экзамен. Помогите пожалуйста.,Регистрация,ru
"Подскажите пожалуйста, Не могу получить студенческий билет. Срочно нужна помощь.",Документы,ru
"Could you please help me, course registration failed. I need urgent help.",Регистрация,en
"Добрый день, Не отображается статус документа. Я не знаю, что делать.",Документы,ru
У меня проблема: не могу contact преподавателя. Это очень важно.,Преподаватели,mixed
"Подскажите пожалуйсто, Библиотека не дает скачать файл. Я не знаю, что дилоть.",Библиотека,ru
"Good afternoon, I cannot open the electronic textbook. I do not know what t0 do.",Библиотека,en
There is a problem with dormitory check-in,Иностранные студенты,en
The grade is incorrect,Экзамены,en
ошибка регестрации,Регистрация,ru
I have a problem: tuition payment problem. This is very important.,Финансы,en
"Добрый день, Проблема с медицинскими анализами",Иностранные студенты,ru
I have a problem with my visa,Иностранные студенты,en
"Добрый день, деканат не обновил документ. Это очень важно.",Документы,ru
The university website is lagging,IT-проблемы,en
"Could you please help me, Error while registering migration documents. I do not know what to do.",Иностранные студенты,en
"Подскажите пожалуйста, Проблема с регистрацией. Это очень важно.",Регистрация,ru
"Could you please help me, Error whie applying for a visa. Please help me.",Иностранные студенты,en
"Please help, exam results disappeared",Экзамены,en
"Please help, I disagree with the teacher's grade",Преподаватели,en
Не могу получить справку,Документы,ru
"Добрый день, не могу pay tuition",Финансы,mixed
I cannot open the electronic textbook,Библиотека,en
"Please help, The class is shown on the wrong day. This is very important.",Расписание,en
Проблема с переводом документов,Иностранные студенты,ru
электронная library лагает,Библиотека,mixed
У меня проблема: document status не обновляется. Уже несколько дней не могу решить проблему.,Документы,mixed
препод не отвечает in chat,Преподаватели,mixed
Не могу оплатить обучение,Финансы,ru
"Hello, The lecturer did not come to class. I need urgent help.",Преподаватели,en
Справка об обучении не загружается,Документы,ru
У меня проблема: Курс недоступен для регистрации. Уже несколько дней не могу решить проблему.,Регистрация,ru
"Could you please help me, The online learning system is not working",IT-проблемы,en
Не отображается список книг,Библиотека,ru
"Здравствуйте, Не могу продлить срок книги. Это очень важно.",Библиотека,ru
I have a problem: I disagree with the teacher's grade. This is very important.,Преподаватели,en
"Помогите, препод не отвечает in chat. Это очень важно.",Преподаватели,mixed
"Помогите, портал умер. Это очень важно.",IT-проблемы,ru
I cannot viaw my results,Экзамены,en
"Подскажите пожалуйста, Миграционный учет не готов",Иностранные студенты,ru
сайт универа kees crashing,IT-проблемы,mixed
The document status is not displayed,Документы,en
Не могу зарегистрироватья на курс,Регистрация,ru
There is a problem with the migration office,Иностранные студенты,en
экзамен не отображается,Экзамены,ru
"Hello, The grada is missing in the system. This is ery important.",Экзамены,en
"Помогите, Сайт университета лагает. Это очень важно.",IT-проблемы,ru
digital library is lagging,Библиотека,en
lecturer canceled the class,Преподаватели,en
medical tests не приняли,Иностранные студенты,mixed
Не открывается расписание в личном кабинете,IT-проблемы,ru
"Подскажите пожалуйста, Проблема с ВннЖ. Срочно нужна помощь.",Иностранные студенты,ru
"У меня проблема: Проблема с преподавателем. Я не знаю, что делать.",Преподаватели,ru
"Здравствуйте, Не работает онлайн система обучения. Помогите пожалуйста.",IT-проблемы,ru
"Добрый день, library account не работает. Помогите пожалуйста.",Библиотека,mixed
Проблема с библиотечным аккаунтом,Библиотека,ru
A registration error occurred,Регистрация,en
"Could you please help me, I have a problem renewing a book",Библиотека,en
нужен certificate для визы,Документы,mixed
"Здравсвуйте, Личный кабинет работает слишком медленно. Уже несколько дней не могу решить проблему.",IT-проблемы,ru
Преподаватель игнорирует сообщения,Преподаватели,ru
The teacher did not upload the materials,Преподаватели,en
"Good afternoon, Error while requesting a document. Please help me.",Документы,en
Не работает электронная библиотека,Библиотека,ru
registration на экзамен не работает,Регистрация,mixed
Exam registretion is not displayed,Регистрация,en
Несправедливая оценка,Преподаватели,ru
I have a problem renewing a book,Библиотека,en
The class is shown on the wrong day,Расписание,en
"У меня проблема: Нет результата зачета. Я не знаю, что делать.",Экзамены,ru
"Hello, The teacher replies rudely. I have been trying to solve this for several days.",Преподаватели,en
Занятие перенесено без уведомления,Расписание,ru
У меня проблема: аплата не проходит,Финансы,ru
У меня проблема: электронная library лагает,Библиотека,mixed
зачет missing in system,Экзамены,mixed
There is a problem with the online schedule,Расписание,en
Не отображается информация об оплате. Срочно нужна помощь.,Финансы,ru
I cannot extend my visa,Иностранные студенты,en
не вижу оценки,Экзамены,ru
не дает выбрать курс. Уже несколько дней не могу решить проблему.,Регистрация,ru
grade неправильный,Экзамены,mixed
teacher игнорит сообщения,Преподаватели,mixed
registration для foreign student не готова,Иностранные студенты,mixed
teacher игнорит сообщения,Преподаватели,mixed
grade неправильный,Экзамены,mixed
The schedule is displayed incorrectly,Расписание,en
I cannot get a receipt,Финансы,en
У меня проблема: Проблема с оплатой общежития. Это очень важно.,Финансы,ru
портал умер. Уже несколько дней не могу решить проблему.,IT-проблемы,ru
"Здравствуйте, не могу download справку. Помогите пожолуйста.",Документы,mixed
"Hello, I need a document for my visa. I have been trying to solve this for several days.",Документы,en
The registration was canceled automatically,Регистрация,en
dorm payment issue. This is very important.,Финансы,en
"Hello, The schedule is displayed incorrectly. This is very important.",Расписание,en
I do not have access to documents,Документы,en
I do not have access to exam information,Экзамены,en
"Please help, There is a conflict in the class schedule. I do not know what to do.",Расписание,en
У меня проблема: Не могу выбрать дисциплину,Регистрация,ru
Документ оформлен с ошибкой. Помогите пожалуйста.,Документы,ru
не могу contact преподавателя,Преподаватели,mixed
Не согласен с оценкой преподавателя,Преподаватели,ru
препод не отвечает in chat,Преподаватели,mixed
"Please help, I cannot view my results. I do not know what to do.",Экзамены,en
не могу register на курс,Регистрация,mixed
portal не аткрывается,IT-проблемы,mixed
"Не хватает информации для иностранных студентов. Я не знаю, что делать.",Иностранные студенты,ru
I cannot pay my tuition fee,Финансы,en
receipt is missing,Финансы,en
I need access to course materials,Библиотека,en
student account not loading,IT-проблемы,en
The schedule is not displayed,Расписание,en
There is an error in the schedule. This is very important.,Расписание,en
I cannot open the electronic textbook,Библиотека,en
"ни дает выбрать курс. Я не знаю, что делать.",Регистрация,ru
wrong exam grade,Экзамены,en
"Помогите, Не отображается статус дакумента. Срочно нужна памощь.",Документы,ru
У меня проблема: Не могу связаться с преподавателем. Помогите пожалуйста.,Преподаватели,ru
"Could you please help me, schedule is wrong. Please help me.",Расписание,en
"Подскажите пожалуйста, Проблема с регистрацией. Срочно нужна помощь.",Регистрация,ru
Система не дает выбрать группу,Регистрация,ru
Ошибка при входе в аккаунт,IT-проблемы,ru
У меня проблема: Конфликт с преподавателем,Преподаватели,ru
Неверно указано время занятия,Расписание,ru
"Здравствуйте, Проблема с переводом документов. Уже несколько дней не могу решить проблему.",Иностранные студенты,ru
The teacher canceled the class,Преподаватели,en
"Pleese help, Error while raquesting a document. I need urgent help.",Документы,en
"У меня проблема: Система отклоняет оплату. Я не знаю, что делать.",Финансы,ru
class time неверное,Расписание,mixed
"Здравствуйте, не вижу schedule на сегодня. Это очень важно.",Расписание,mixed
Регистрация была отменена автоматически,Регистрация,ru
"Подскажите пожалуйста, Пара стоит в неправильный день. Это очень важно.",Расписание,ru
Регистраци была отменнена автоматически,Регистрация,ru
Проблема с платежом,Финансы,ru
The document is n0t ready,Документы,en
"Could you please help me, The library website does not let me download the file",Библиотека,en
The money was charged but the payment was not confirmed,Финансы,en
"Здравствуйте, зачет missing in system. Я не знаю, что делать.",Экзамены,mixed
не могу register на курс,Регистрация,mixed
Не могу оплатить семестр. Уже несколько дней не могу решить проблему.,Финансы,ru
Exam admission is not displayed,Экзамены,en
Не хватает информации для иностранных студентов,Иностранные студенты,ru
The money was charged but the payment was not confirmed,Финансы,en
Ошибка при входе в электронную библитеку,Библиотека,ru
wrong classroom in schedule. This is very important.,Расписание,en
электронная library лагает,Библиотека,mixed
"Помогите, Нет результата зачета. Срочно нужна помощь.",Экзамены,ru
"Здравствуйте, Документ оформлен с ошибкой. Помогите пожалуйста.",Документы,ru
"Помогите, Не отображается статус документа. Уже несколько дней не могу решить проблему.",Документы,ru
Ошибка поиска книги,Библиотека,ru
The online learning system is not working,IT-проблемы,en
"У меня проблема: Система выбрасывает меня из аккаунта. Я не знаю, что делать.",IT-проблемы,ru
"Здравствуйте, портал умер. Это очень важно.",IT-проблемы,ru
"Здравствуйте, Справка об обучении не загружается. Я не знаю, что делать.",Документы,ru
"Good afternoon, I have a problem renewing a book",Библиотека,en
I have a problem: I cannot submit my assignment through the platform. Please help me.,IT-проблемы,en
У меня проблема: Конфликт с преподавателем,Преподаватели,ru
"Добрый день, Маттериал заблокирован. Уже несколько дней не могу решить проблему.",Библиотека,ru
"Good aftarnoon, Thare is a conflict in the class schedule",Расписание,en
"Please help, There is e conflict with e taacher. This is very important.",Преподаватели,en
"Could you please help me, lecturer canceled the class. I need urgent help.",Преподаватели,en
Система отклоняет оплату,Финансы,ru
"Please help, The payment was charged twice. I do not know what to do.",Финансы,en
Не могу получить справку. Это очень важно.,Документы,ru
Преподаватель не загрузил материалы,Преподаватели,ru
I have a problem: Payment error. I have been trying to solve this for several days.,Финансы,en
I need an academic certificate,Документы,en
"Good afternoon, The teacher canceled the class. Please help me.",Преподаватели,en
не могу contact преподавателя,Преподаватели,mixed
grade непрвильный,Экзамены,mixed
"Coud you please help me, money charged but still unpaid. I need urgent help.",Финансы,en
Преподаватель игнорирует сообщения. Это очень важно.,Преподаватели,ru
The class was moved without notificateon,Расписание,en
Не могу получить обратную связь,Преподаватели,ru
У меня проблема: личный кабнет не работает,IT-проблемы,ru
У меня проблема: портал умер. Это оченнь важно.,IT-проблемы,ru
У меня проблема: Не могу открыть электронный учебник. Уже несколько дней не могу решить проблему.,Библиотека,ru
passport issue with university office,Иностранные студенты,en
Ошибка оплаты. Срочно нужна помощь.,Финансы,ru
не дает enroll в предмет,Регистрация,mixed
Не удается скачать учебный материал,Библиотека,ru
"Could you please help me, Payment error. I need urgent help.",Финансы,en
Система не позволяет зарегистрироваться,Регистрация,ru
паспорт не приняли в деканате,Иностранные студенты,ru
I cannot choose a discipline,Регистрация,en
"Здравствуйте, Не могу посмотреть результаты. Уже несколько дней не могу решить проблему.",Экзамены,ru
У меня проблема: не вижу пару. Это очень важно.,Расписание,ru
"Подскажите пожалуйста, Проблема с преподавателем. Срочно нужна помощь.",Преподаватели,ru
"Ошибка в расписании. Я не знаю, что делать.",Расписание,ru
У меня проблема: не дает enroll в предмет. Помогите пожалуйста.,Регистрация,mixed
"Подскажите пожалуйста, Книга недоступна. Я не знаю, что делать.",Библиотека,ru
нет инфы на английском. Помогите пожалуйста.,Иностранные студенты,ru
Система не дает выбрать группу,Регистрация,ru
Не могу оформить регистрацию по месту пребывания,Иностранные студенты,ru
"Hello, The test grade is incorrect. Please help me.",Экзамены,en
"Could you please help me, There is a problem with my library account. Please help me.",Библиотека,en
I cannot complete temporary registration,Иностранные студенты,en
payment прошел но квитанции нет,Финансы,mixed
расписание кривое,Расписание,ru
"Hello, The library system is not responding. I do not know what to do.",Библиотека,en
There is a registration problem,Регистрация,en
"аплата не проходит. Я не знаю, что делать.",Финансы,ru
I have a problem accessing the university portal,IT-проблемы,en
Транскипт не готов,Документы,ru
"Hello, The teacher gave me the wrong grade. I need urgent help.",Преподаватели,en
grade неправильный,Экзамены,mixed
"Hello, Exam data is not avaelable. Please help me.",Экзамены,en
The library system is not responding,Библиотека,en
my grades are missing,Экзамены,en
The registration was canceled automatically,Регистрация,en
"Hello, professor ignores messages. I need urgent help.",Преподаватели,en
Докуминт оформлен с ашибкой,Документы,ru
I cannot get support as an international student,Иностранные студенты,en
экзамен не отображоется,Экзамены,ru
The schedule is displayed incorrectly,Расписание,en
"Добрый день, Не могу получить обратную связь. Помогите пожалуйста.",Преподаватели,ru
Exam data is not available,Экзамены,en
Регистрация была отменена автоматически,Регистрация,ru
Система не принимает заявление,Документы,ru
"Could you please help me, professor ignores messages",Преподаватели,en
"Hello, The schedule in the system does not match. I need urgent help.",Расписание,en
нужен certificate для визы,Документы,mixed
A registration error occurred,Регистрация,en
"Hello, The teacher replies rudely",Преподаватели,en
Несправедливая оценка,Преподаватели,ru
The money was charged but the payment was not confirmed,Финансы,en
Error while registering for a subject,Регистрация,en
"Подскажите пожалуйста, Аудитория указана неверно. Я не знаю, что делать.",Расписание,ru
Портал университета зависает,IT-проблемы,ru
passport issue with university office,Иностранные студенты,en
Не могу получить доступ к библиотеке,Библиотека,ru
"Hello, I do not have access to documents. This is very important.",Документы,en
There is an error in the schedule,Расписание,en
"Здравствуйте, Проблема с экзаменационными результатами. Это очень важно.",Экзамены,ru
"Здравствуйте, Не могу найти аудиторию. Я не знаю, что делать.",Расписание,ru
"Good afternoon, e cnnot pay my tuition fee",Финансы,en
"Please hep, There is an error in the schedule. I have been trying to solve this for saveral days.",Расписание,en
I cannot get medical insurance,Иностранные студенты,en
Коннфликт в распесание занятий,Расписание,ru
Не отображаются результаты экзамена,Экзамены,ru
I cannot extend the book loan pereod,Библиотека,en
The class time has changed,Расписание,en
"Добрый день, Не мог палучить помощь для иностранных студентов. Я нне знаю, что делать.",Иностранные студенты,ru
"Помогите, Не могу получить справку. Помогите пожалуйста.",Документы,ru
I cannot view my rsults,Экзамены,en
The enrollment certificate is not loading,Документы,en
Изменилось время занятий,Расписание,ru
не могу download справку,Документы,mixed
"У меня проблема: Деньги списаны, но платеж не подтвержден",Финансы,ru
"Добрый день, Не могу зарегистрироваться на семестр. Срочно нужна помощь.",Регистрация,ru
У меня проблема: нужна help with dormitory. Это очень важно.,Иностранные студенты,mixed
"Good afternoon, I cannot complete temporary registration. I do not know what to do.",Иностранные студенты,en
У меня проблема: Не согласен с оценкой преподавателя. Помогите пожалуйста.,Преподаватели,ru
I have a problem: Error while logging into the digital library. I do not know what to do.,Библиотека,en
Заявление зависло в системе,Документы,ru
"Помогите, Пара стоит в неправильный день. Помогите пожалуйста.",Расписание,ru
Нет доступа к информации об экзамене,Экзамены,ru
Конфликт в расписании занятий,Расписание,ru
"Помогите, teacher игнорит сообщения. Это очень важно.",Преподаватели,mixed
У меня проблема: сайт тупит. Срочно нужна помощь.,IT-проблемы,ru
Неправильно сттаит оценнко за тест,Экзамены,ru
Личный кабинет работает слишком медленно,IT-проблемы,ru
I have a problem: I have a problem accessing the university portal. This is very important.,IT-проблемы,en
The library website does not let me download the file,Библиотека,en
не могу pay tuition,Финансы,mixed
"Please help, my grades are missing. I need urgent help.",Экзамены,en
Результаты появились с ошибкой,Экзамены,ru
Не могу прадлить визу,Иностранные студенты,ru
Проблема с регистрацией,Регистрация,ru
"Подскажите пожалуйста, сайт тупит. Уже несколько дней не могу решить проблему.",IT-проблемы,ru
"Could you please help me, I cannot access the library. Please help me.",Библиотека,en
"Помогите, Нет информоции на английском языке. Срочно нужна помощь.",Иностранные студенты,ru
Не могу аплатить обучение,Финансы,ru
The document status is not desplayed,Документы,en
The system shows an error during authorization,IT-проблемы,en
Error while requesting a document,Документы,en
нужен документ для визы. Помогите пожалуйста.,Документы,ru
I disagae with the teacher's grade,Преподаватели,en
У меня проблема: Лектор не пришел на занятие,Преподаватели,ru
"Good afternoon, I want to complain about a teacher. I have been trying to solve this for several days.",Преподаватели,en
"Подскажите пожалуйста, Нет результата зачета. Уже несколько дней не могу решить проблему.",Экзамены,ru
Не могу скачать документ,Документы,ru
Не могу получить обратную связь,Преподаватели,ru
Платеж прошел два раза. Это очень важно.,Финансы,ru
"Добрый день, не могу логиниться",IT-проблемы,ru
У меня проблема: электронка библиотеки лагает. Помогите пожалуйста.,Библиотека,ru
"Подскажите пожалуйста, не могу download книгу. Помогите пожалуйста.",Библиотека,mixed
registration error,Регистрация,en
The class time is incorrect. I need urgent help.,Расписание,en
"Could you please help me, I do not have access to documents. I have been trying to solve this for several days.",Документы,en
"Good afternoon, Error while applying for a visa. Please help me.",Иностранные студенты,en
"Подскажите пожалуйста, Оплата зависла в системе. Помогите пожалуйста.",Финансы,ru
Information about the class is missing,Расписание,en
книга не открываеттся. Срочно нужна помощь.,Библиотека,ru
My document request is stuck in the system. This is very important.,Документы,en
Паспортные данные указаны неверно,Иностранные студенты,ru
"Подскажите пожалуйста, Преподаватель не проверяет задания",Преподаватели,ru
The platform logs me out automatically,IT-проблемы,en
Пара стоит в неправильный день,Расписание,ru
The registration was canceled automatically,Регистрация,en
There is an error in my grades,Экзамены,en
There is a problem with residence permit,Иностранные студенты,en
I cannot get a certificate,Документы,en
"Здравствуйте, Не могу выбрать дисциплину. Уже несколько дней не могу решить проблему.",Регистрация,ru
Error while viewing grades,Экзамены,en
I heve a problem: wrong classroom in schedule. I need urgent help.,Расписание,en
препод не отвечает in chat,Преподаватели,mixed
Не отображается информация об оплате,Финансы,ru
"Здравствуйте, Несправедливая оценка. Помогите пожалуйста.",Преподаватели,ru
Возникла ошибка регистрации,Регистрация,ru
Преподаватель игнорирует сообщения,Преподаватели,ru
I need an ecademic certificata,Документы,en
"Could you please help me, Exam registration is not displayed. Please help me.",Регистрация,en
I do not know how to extend my registration,Иностранные студенты,en
Нужна академическая справа,Документы,ru
Ошибка сервера при открытии страницы,IT-проблемы,ru
Проблема с библиотечным аккаунтом,Библиотека,ru
"Подскажите пожалуйста, деньги charged but статус unpaid. Я не знаю, что делать.",Финансы,mixed
Преподаватель игнорирует сообщения,Преподаватели,ru
"Please help, The payment was charged twice. This is very important.",Финансы,en
"Добрый день, не вижу пару. Я не знаю, что делать.",Расписание,ru
не могу download справку,Документы,mixed
The teacher gave me the wrong grade,Преподаватели,en
Неверно указано время занятия,Расписание,ru
Не принимают иностранные документы,Иностранные студенты,ru
"Добрый день, Не отображается допуск к экзамену. Срочно нужна помощь.",Экзамены,ru
I cannot enroll in a subject,Регистрация,en
Ошибка сервера при открытии страницы,IT-проблемы,ru
Не могу восстановить пароль,IT-проблемы,ru
"Добрый день, Нужно сдать анализы для университета. Срочно нужна помощь.",Иностранные студенты,ru
Заявление зависло в системе,Документы,ru
I cannot choose a discipline,Регистрация,en
"Hello, Exam results are not displayed. I have been trying to solve this for several days.",Экзамены,en
"Добрый день, Преподаватель не проверяет задания. Я не знаю, что делать.",Преподаватели,ru
Проблема при выборе учебной программы. Это ачень важно.,Регистрация,ru
"Good afternoon, uni website is down. I need urgent help.",IT-проблемы,en
registration error,Регистрация,en
"Please help, I cannot get a receipt",Финансы,en
I need a document for my visa,Документы,en
My group is missing from the schedule,Расписание,en
"Hello, Exam registration is not displayed. I do not know what to do.",Регистрация,en
У меня проблема: Проблема с продлением книги. Уже нисколько дней не могу решить проблему.,Библиотека,ru
"Подскажите пожалуйста, Проблема с университетскими документами",Документы,ru
"Добрый день, Система не дает выбрать группу. Это очень важно.",Регистрация,ru
The document contains an error,Документы,en
Ошибка при оформлении визы,Иностранные студенты,ru
"Good afternoon, My group is missing from the schedule. I have been trying to solve this for several days.",Расписание,en
Система отклоняет оплату,Финансы,ru
"Добрый день, расписание shows wrong classroom. Уже несколько дней не могу решить проблему.",Расписание,mixed
The course is not available for registration,Регистрация,en
"Подскажите пожалуйста, Ошибка аплаты. Я не знаю, что делать.",Финансы,ru
money charged but still unpaid,Финансы,en
"Could you please help me, There is an error in the zchedule. Pleaze help me.",Расписание,en
Ошибка в расписании,Расписание,ru
Не совпадает расписание в системе,Расписание,ru
Курс недоступен для регистрации,Регистрация,ru
не дает enroll в предмет,Регистрация,mixed
portal keeps crashing,IT-проблемы,en
digital library is lagging,Библиотека,en
I have a problem: The study material is blocked. Please help me.,Библиотека,en
pr0fassor ignores messages,Преподаватели,en
не могу download книгу,Библиотека,mixed
"Подскажите пожалуйста, препод не отвечает in chat. Это очень важно.",Преподаватели,mixed
"Добрый день, Пара исчезла из расписания. Уже несколько дней не могу решить проблему.",Расписание,ru
Материал заблокирован,Библиотека,ru
Проблема с преподавателем,Преподаватели,ru
Неправильно стоит оценка за тест,Экзамены,ru
"Please help, I cannot download the document. This is very important.",Документы,en
registration error. This is very important.,Регистрация,en
"Добрый день, Система не дает выбрать группу. Срочно нужна помощь.",Регистрация,ru
Транскрипт не готов,Документы,ru
"Could you please help me, The payment is stuck in the system. I have been trying to solve this for several days.",Финансы,en
payment прошел но квитанции нет,Финансы,mixed
Несправедливая оценка,Преподаватели,ru
Нет доступа к учебным материалам. Это очень важно.,Библиотека,ru
The pass result is missing,Экзамены,en
Нет доступа к документам. Уже несколько дней не могу решить проблему.,Документы,ru
Ошибка при регистрации миграционных документов,Иностранные студенты,ru
"Подскажите пожалуйста, не могу записаться. Уже несколько дней не могу решить проблему.",Регистрация,ru
"Подскажите пожалуйста, Отсутствует информация о паре. Помогите пожалуйста.",Расписание,ru
Проблема с университетскими документами,Документы,ru
"Could you please help me, The teacher does not reply to messages. This is very important.",Преподаватели,en
"Добрый день, Библиотечная система не отвечает. Это очень важно.",Библиотека,ru
"Could you please help me, wrong classroom in schedule. I need urgent help.",Расписание,en
не вижу пару. Это очень важно.,Расписание,ru
"Please help, I need help with acc0mmodation",Иностранные студенты,en
"Good afternoon, There is a problem with university documents. I need urgent help.",Документы,en
I cannot contact the taacher,Преподаватели,en
"Hell0, Error while searching for a book. I have been trying to solve thes for several days.",Библиотека,en
Не могу оплатить обучение,Финансы,ru
"Добрый день, резы экзамена пропали. Срочно нужна помощь.",Экзамены,ru
I need housing as an international student,Иностранные студенты,en
"Good afternoon, I need access to course materials. I need urgent help.",Библиотека,en
У меня проблема: document status не обновляется. Это очень важно.,Документы,mixed
"Здравствуйте, универ сайт лагает. Уже несколька дней не могу решить проблему.",IT-проблемы,ru
не могу забрать справку,Документы,ru
У меня проблема: аплата не проходит. Помогите пожалуйста.,Финансы,ru
The university website is lagging,IT-проблемы,en
Нет информации на английском языке,Иностранные студенты,ru
Нужна акодемическая справка,Документы,ru
Проблема с библиотечным аккаунтом,Библиотека,ru
"Здравствуйте, Не совпадает расписание в системе. Уже несколько дней не могу решить проблему.",Расписание,ru
There is a problem with residence permit,Иностранные студенты,en
зачет missing in system,Экзамены,mixed
"Hello, Error while requesting a document. I do not know what to do.",Документы,en
личный кабнет не работает,IT-проблемы,ru
личный кабнет не работает,IT-проблемы,ru
"Здравствуйте, аценка отсутствует в системе",Экзамены,ru
"Good afternoon, I cannot choose a discipline. I need urgent help.",Регистрация,en
расписание кривое,Расписание,ru
I need to apply for temporary residence permit,Иностранные студенты,en
wrong classroom in schedule,Расписание,en
У меня проблема: Не отображается расписании. Срочно нужна помощь.,Расписание,ru
medical tests не преняли,Иностранные студенты,mixed
"Please help, I cannot see my class. I do not know what to d0.",Расписание,en
"Помогите, Нужна помощь с жильем",Иностранные студенты,ru
portal не открывается,IT-проблемы,mixed
academic certificate is missing,Документы,en
Не отображается информация об оплате,Финансы,ru
"Could you please help me, There is no information in English. I need urgent help.",Иностранные студенты,en
У меня проблема: Нужна помощь с паспортом. Срачно ннужна помощь.,Иностранные студенты,ru
exam results disappeared,Экзамены,en
There is a problem with residence permit,Иностранные студенты,en
Заявление зависло в системе,Документы,ru
I have a problem: student account not loading. I have been trying to solve this for several days.,IT-проблемы,en
"Good afternoon, I cannot see my class",Расписание,en
My foreign documents are not accepted,Иностранные студенты,en
Не могу получить доступ к библиотеке,Библиотека,ru
Ошибка при оплате через портал. Уже несколько дней не могу решить проблему.,Финансы,ru
I cannot access the library,Библиотека,en
Оценка отсутствует в системе,Экзамены,ru
"Добрый день, не дает выбрать курс",Регистрация,ru
"Hello, The document status is not displayed. I do not know what to do.",Документы,en
The classroom is incorrect,Расписание,en
The pass result is missing,Экзамены,en
электроннная library лагает,Библиотека,mixed
Проблема с регистрацией,Регистрация,ru
"Добрый день, экзамен не отображается. Срачно нужна помощь.",Экзамены,ru
сайт универа keeps crashing,IT-проблемы,mixed
"Could you please help me, My document request is stuck in the system",Документы,en
У меня проблема: Неверно указано время занятия. Помогите пожалуйста.,Расписание,ru
"Подскажите пожалуйста, расписание shows wrong classroom. Срочно нужна помощь.",Расписание,mixed
The portal is not responding,IT-проблемы,en
I have a problm with a teachar,Преподаватели,en
"Добрый день, Не могу записаться на предмет. Это очень важно.",Регистрация,ru
professor ignores messages. This is very important.,Преподаватели,en
The class was moved without notification,Расписание,en
"Помогите, Неверно указана оценка. Это очень важно.",Экзамены,ru
receipt is mising,Финансы,en
"Good afternoon, I cannot open the electronic textbook. I need urgent help.",Библиотека,en
Exam results are not displayed,Экзамены,en
"Помогите, Не работаит эликтронная беблиотека. Помогете пожалуйста.",Библиотека,ru
не могу download кннигу,Библиотека,mixed
Ошибка оплаты,Финансы,ru
"Подскажите пожалуйста, Система не принимает заявление. Я ни зннаю, что делать.",Документы,ru
There is a problem with document translation. I do not know what to do.,Иностранные студенты,en
"Подскажите пожалуйста, Не могу зарегистрироваться на семестр",Регистрация,ru
Система не дает выбрать группу,Регистрация,ru
Сайт университета лагает,IT-проблемы,ru
I cannot find the classroom,Расписание,en
The teacher did not upload the materials,Преподаватели,en
Нужно сдать анализы для университета,Иностранные студенты,ru
"Здравствуйте, Курс недоступен для регистрации. Уже несколько дней не могу решить проблему.",Регистрация,ru
Проблема с экзаменационными результатами,Экзамены,ru
Ошибка при входе в электронную библиотеку,Библиотека,ru
The list of books is not displayed,Библиотека,en
I need a document for my visa,Документы,en
The payment receipt did not arrive,Финансы,en
Преподаватель отменил занятие,Преподаватели,ru
"Please help, I cannot enroll in a subject. Please help me.",Регистрация,en
I have a problem with my visa,Иностранные студенты,en
"Could you please help me, teacher not checking homework. Please help me.",Преподаватели,en
The pass result is missing,Экзамены,en
There is a problem with medical tastz,Иностранные студенты,en
Не могу связаться с преподавателем,Преподаватели,ru
"Помогите, Ошибка при просмотре оценок. Срочно нужна помощь.",Экзамены,ru
"Hello, tuition payment problem. This is very important.",Финансы,en
"Good afternoon, The payment does not go through. I need urgent help.",Финансы,en
"Hello, Error while logging into the digital library",Библиотека,en
The university website does not open,IT-проблемы,en
"У меня проблема: Нет доступа к учебным материалам. Я не знаю, что делать.",Библиотека,ru
"Hello, The system rejects the payment. I need urgent help.",Финансы,en
The system does not allow me to choose a group,Регистрация,en
"Помогите, Проблема с университетскими документами. Помогите пожалуйста.",Документы,ru
There is a problem with university documents. I need urgent help.,Документы,en
аудитория не та. Срочно нужна помощь.,Расписание,ru
Нет информации на анлийском языке,Иностранные студенты,ru
The library website does not let me download the file,Библиотека,en
"Hello, The passport copy was not accepted. This is very important.",Иностранные студенты,en
У меня проблема: электронная library лагает. Уже несколько дней не могу решить проблему.,Библиотека,mixed
The class is shown on the wrong dey,Расписание,en
I hava a problem: wrong classr0om in schedule. This is very important.,Расписание,en
I have a problem: Exam enrollment is not opening. This is very important.,Регистрация,en
универ сайт лагает,IT-проблемы,ru
"Помогите, зачет missing in system. Это очень важно.",Экзамены,mixed
I have a problem: I cannot sae my class,Расписание,en
Ошибка оплаты,Финансы,ru
расписание shows wrong classroom,Расписание,mixed
Систтема отклоняет оплоту,Финансы,ru
registration error,Регистрация,en
препод игнорит,Преподаватели,ru
I have a problem: The university website is lagging,IT-проблемы,en
"Could you please help me, exam results disappeared. I have been trying to solve this for several days.",Экзамены,en
My trnzcript is not ready,Документы,en
I did not receive credit for the exam,Экзамены,en
"Здравствуйте, Заявление зависло в системе. Уже несколько дней не могу решить проблему.",Документы,ru
"Помогите, Не открывается запись на экзамен. Уже несколько дней не могу решить проблему.",Регистрация,ru
Систтема не пренимает заявление,Документы,ru
registratio error,Регистрация,en
препод не отвечает,Преподаватели,ru
Книга недоступна,Библиотека,ru
My student portal is frozen,IT-проблемы,en
"Добрый день, teacher игнорит сообщения. Я не знаю, что делать.",Преподаватели,mixed
"Помогите, Не отткрывается расписоние в личном кабинете",IT-проблемы,ru
Не отображается информация об оплате,Финансы,ru
I have a problem: medical tests were rejected,Иностранные студенты,en
"Здравствуйте, Неверно указано время занятия. Уже несколько дней не могу решить проблему.",Расписание,ru
Транскрипт не готов,Документы,ru
не могу register на курс,Регистрация,mixed
The pass result is missing,Экзамены,en
Нужно оформить РВП,Иностранные студенты,ru
The lecturer did not come to class,Преподаватели,en
"Could you please help me, Error while logging into the digital library. Please help me.",Библиотека,en
"Добрый день, Не могу оформить временную регистрацию",Иностранные студенты,ru
I have a problem: Information about the class is missing,Расписание,en
"Please help, The enrollment certificate is not loading. I need urgent help.",Документы,en
The class is zhown 0n the wrong day,Расписание,en
"Hello, The system does not accept my file. I do not know what to do.",IT-проблемы,en
student account not loading. This is very important.,IT-проблемы,en
"Подскажите пожалуйста, нужен certificate для визы. Уже несколько дней не могу решить проблему.",Документы,mixed
Нет доступа к учебным материалам,Библиотека,ru
"Здравствуйте, Неверно указана оценка. Помогите пожалуйста.",Экзамены,ru
profeszor ignores messages,Преподаватели,en
"Could you please help me, I cannot submit my assignment through the platform. Please help me.",IT-проблемы,en
"Could you please help me, My group is missing from the schedule. I need urgent help.",Расписание,en
The enrollment certificate is not loading,Документы,en
Система не позволяет зарегистрироваться,Регистрация,ru
"Добрый день, деньги charged but статус unpaid. Это очень важно.",Финансы,mixed
"Здравствуйте, Система отклоняет оплоту. Уже несколько дней не могу решить проблему.",Финансы,ru
У меня пробема: Неверно указано время занятия. Уже несколько дней не могу решить проблему.,Расписание,ru
"Добрый день, Документ не готов. Уже несколько дней не могу решить проблему.",Документы,ru
"Помогите, Не могу пройти медосмотр",Иностранные студенты,ru
не могу login в личный кабинет,IT-проблемы,mixed
There is an error in my grades,Экзамены,en
"Добрый день, не могу скачать методичку. Я не знаю, что делать.",Библиотека,ru
I cannot pay my tuition fee,Финансы,en
"Please help, The class disappeared from the schedule. I have been trying to solve this for several days.",Расписание,en
The document contains an error,Документы,en
Проблема с ереводом документов,Иностранные студенты,ru
Не могу выбрать дисциплину,Регистрация,ru
my gradas are missing,Экзамены,en
Ошибка в расписании,Расписание,ru
У меня проблема: Портал не отвечает,IT-проблемы,ru
"Здравствуйте, Проблема со страховкой. Это очень важно.",Иностранные студенты,ru
Ошибка в расписании,Расписание,ru
"Здравствуйте, Ошибка в оценках. Помогите пожалуйста.",Экзамены,ru
digital library is lagging. I have been trying to solve this for several days.,Библиотека,en
The clasz disappeared from the schedule,Расписание,en
"Помогите, Проблема с ВНЖ. Это очень важно.",Иностранные студенты,ru
Преподаватель не проверяет задания,Преподаватели,ru
I have a problem: The payment iz stuck in the system. I need urgent help.,Финансы,en
портал умер,IT-проблемы,ru
"Подскажите пожалуйста, Не могу открыть электронный учебник. Уже несколько дней не могу решить проблему.",Библиотека,ru
У меня проблема: Преподаватель поставил неправильную оценку. Это очень важно.,Преподаватели,ru
Пара исчезла из расписания,Расписание,ru
не дает enroll в предмет,Регистрация,mixed
У меня проблема: лектор отменил пару. Помогите пожалуйста.,Преподаватели,ru
У меня проблема: Проблема с онлайн расписанием. Это очень важно.,Расписание,ru
"Hello, professor ignores messages. This is very important.",Преподаватели,en
Ошибка при просмотре оценок,Экзамены,ru
"Could you please help me, I cannot contact the teacher. Please help me.",Преподаватели,en
The registration was canceled eutomatically,Регистрация,en
"Здравствуйтте, не могу register на курс. Помогите пожалуйста.",Регистрация,mixed
The grade is incorrect,Экзамены,en
Книга недоступна,Библиотека,ru
I need help with accommodation,Иностранные студенты,en
"Помогите, Платеж не проходит. Помогите пожалуйста.",Финансы,ru
There is an error in my grades,Экзамены,en
не вижу оценки,Экзамены,ru
"Please help, My transcript is not ready. Thes is very important.",Документы,en
I have a problem: The test grade is incorrect. I do not kn0w what to do.,Экзамены,en
"Подскажите пожалуйста, Неверно указана оценка. Это очень важно.",Экзамены,ru
"Добрый день, Не могу оплатить семестр. Срочна нужна помощь.",Финансы,ru
I have a problem: There is a registration problem. I have been trying to solve this for several days.,Регистрация,en
"Помогите, регистрация слетела. Срочно нужна помощь.",Регистрация,ru
"Could you please help me, The library system is not responding",Библиотека,en
расписание shows wrong classroom,Расписание,mixed
Не могу получить квитанцию,Финансы,ru
"Помогите, Ошибка в оценках. Я не знаю, что делать.",Экзамены,ru
The test grade is incorrect,Экзамены,en
I do not have access to study materials. This is very important.,Библиотека,en
аудитория не та,Расписание,ru
препод не отвечает in chat,Преподаватели,mixed
Оценка отсутствует в системе,Экзамены,ru
Не совпадает расписание в системе,Расписание,ru
"Could you please help me, Payment error. Please help me.",Финансы,en
"Hello, The results appeared with an error",Экзамены,en
Не могу получить справку,Документы,ru
registration error. I do not know what to do.,Регистрация,en
Error while viewing grades,Экзамены,en
Не могу получить квитанцию. Это очень важно.,Финансы,ru
"Помогите, деканат не обновил документ. Это очень важно.",Документы,ru
Не отображается статус документа,Документы,ru
"Здравствуйте, Не могу отправить задание через платформу",IT-проблемы,ru
"Помогите, Преподаватель грубо отвечает. Это очень важно.",Преподаватели,ru
The test grade is incorrect,Экзамены,en
не могу extend visa. Это очень важно.,Иностранные студенты,mixed
Изменилось время занятий,Расписание,ru
электронка библиотеки лагает,Библиотека,ru
Результаты появились с ошибкой,Экзамены,ru
"Помогите, не могу contact преподавателя. Срочно нужна помощь.",Преподаватели,mixed
"Please help, My insurance iz not displayed in the system. I need urgent help.",Иностранные студенты,en
Ошибка пр регистрации миграционных документов,Иностранные студенты,ru
"Good afternoon, The class time is incorrect",Расписание,en
"Здравствуйте, Проблема с доступом к университеттскому порталу. Это очень важно.",IT-проблемы,ru
"Не могу скачать документ. Я не знаю, что делать.",Документы,ru
"Good afternoon, I cannot download the document. This is very important.",Документы,en
The grade is missing in the system,Экзамены,en
"registration на экзамен не работает. Я не знаю, что делать.",Регистрация,mixed
Не могу получить доступ к библиотеке,Библиотека,ru
расписание кривое,Расписание,ru
"Добрый день, Система выбрасывает меня из аккаунта. Срочно нужна помощь.",IT-проблемы,ru
portal не открывается,IT-проблемы,mixed
Exam enrollment is not opening,Регистрация,en
The document status is not displayed,Документы,en
ошибка регестрации,Регистрация,ru
I have a problem: The library system is not responding. I have been trying to solve thiz for several days.,Библиотека,en
Не получил зачет. Срочно нужна помощь.,Экзамены,ru
Нет доступа к информации об экзамене. Уже несколько дней не могу решить проблему.,Экзамены,ru
The results appeared with an error,Экзамены,en
There is a registration problem,Регистрация,en
migration card проблема,Иностранные студенты,mixed
There is a problem with dormitory for international students. Please help me.,Иностранные студенты,en
The payment receipt did not arrive,Финансы,en
I have a problem: I cannot download the document,Документы,en
"Could you please help me, I cannot get a place in the dormitory. I do not know what to do.",Иностранные студенты,en
There is a conflict with a teacher,Преподаватели,en
The payment does not go through,Финансы,en
не понимаю что делать с визой,Иностранные студенты,ru
professor ignores messages,Преподаватели,en
Проблема с библиотечным аккаунтом,Библиотека,ru
There is a problem with university documents,Документы,en
The test grade is incorrect,Экзамены,en
не могу login в личный кабинет,IT-проблемы,mixed
The teacher replies rudely,Преподаватели,en
"Подскажите пожалуйста, не вижу exam results. Я не знаю, что делать.",Экзамены,mixed
Нужна помощь с жильем,Иностранные студенты,ru
"Could you please help me, The pass result is missing. Please help me.",Экзамены,en
"Good afternoon, I need help with accommodation",Иностранные студенты,en
"Помогите, портал умер. Я не знаю, что делать.",IT-проблемы,ru
"Could you please help me, I need a document for my visa",Документы,en
Не могу получить справку,Документы,ru
I cannot see my class,Расписание,en
Не открывается расписание в личном кабинете,IT-проблемы,ru
"Подскажите пожалуйста, Преподаватель не отвечает на сообщения. Срочно нужна помощь.",Преподаватели,ru
"Good afternoon, Error while registering migration documents. Please help me.",Иностранные студенты,en
Материал заблокирован,Библиотека,ru
"Здравствуйте, Жалоба на преподавателя",Преподаватели,ru
"Could you please help me, Err0r while regestering for a subject. I need urgent help.",Регистрация,en
"Could you please help me, money charged but still unpaid. I need urgent help.",Финансы,en
class time неверное,Расписание,mixed
The class time has changed,Расписание,en
"Please help, The library website does not let me download the file. I have been trying to solve this for several days.",Библиотека,en
There is a problem with my library account. I have been trying to solve this for several days.,Библиотека,en
У меня проблема: Не совпадает расписание в системе. Помогите пожалуйста.,Расписание,ru
document status не обновляется,Документы,mixed
"Good afternoon, login problem in university system",IT-проблемы,en
книга не открывается,Библиотека,ru
"Hello, I cannot complete my residence registration. I have been trying to solve this for several days.",Иностранные студенты,en
I have a problem: professor ignores messages. I need urgent help.,Преподаватели,en
"Good afternoon, portal keeps crashing. I have been trying to solve this for several days.",IT-проблемы,en
"У меня проблема: Проблема с заселением в общежитие. Я не знаю, что делать.",Иностранные студенты,ru
"Добрый день, не могу download книгу. Это очень важно.",Библиотека,mixed
"Помогите, Ошибка в расписании. Помогите пожалуйста.",Расписание,ru
"Good afternoon, Migration registration is not ready. I need urgent help.",Иностранные студенты,en
Не приходит код подтверждения,IT-проблемы,ru
"Здравствуйте, Не могу оформить регистрацию по месту пребывания. Срочно нужна помощь.",Иностранные студенты,ru
I cannot get a receipt,Финансы,en
I have a problem: I cannot pay for the semester. This is very important.,Финансы,en
"Hello, Payment error. This is very important.",Финансы,en
"Здравствуйте, деньги charged but статус unpaid. Я не знаю, что делать.",Финансы,mixed
Не могу олучеть студенческий билет,Документы,ru
The library system is not responding,Библиотека,en
I cannot get support as an international student,Иностранные студенты,en
medical tests не приняли,Иностранные студенты,mixed
"Hello, document request not processed",Документы,en
"Подскажите пожалуйста, училка не проверила работу. Это очень важно.",Преподаватели,ru
"Подскажите пожалуйста, Не могу продлить срок книги. Помогите пожалуйста.",Библиотека,ru
"Помогите, Не могу пройти медосмотр. Помогите пожалуйста.",Иностранные студенты,ru
The book is not available,Библиотека,en
Регистрация была отменена автоматически. Это очень важно.,Регистрация,ru
lecturer canceled the class,Преподаватели,en
не вижу пару,Расписание,ru
нужен certificate для визы,Документы,mixed
не могу download книгу,Библиотека,mixed
I do not have access to documents,Документы,en
Система не позволяет зарегистрироваться,Регистрация,ru
My student account is working very slowly,IT-проблемы,en
У меня проблема: Не могу получить доступ к библиотеке. Это очень важно.,Библиотека,ru
Проблема с регистрацией,Регистрация,ru
Ошибка в оцеках,Экзамены,ru
"Добрый день, Жалоба на преподавателя",Преподаватели,ru
"Hello, The teacher replies rudely. I do not know what to do.",Преподаватели,en
книга не открывается,Библиотека,ru
registration для foreign student не готова,Иностранные студенты,mixed
The grade is missing in the system,Экзамены,en
The document contains an error,Документы,en
Нет информации на английском языке,Иностранные студенты,ru
"Помогите, квитанция не появилась. Это очень важно.",Финансы,ru
"Добрый день, училка не проверила работу. Срочно нужна помощь.",Преподаватели,ru
"Please help, My passport information is incorrect. I have been trying to solve this for several days.",Иностранные студенты,en
"Could you please help me, There is an error in my grades. This is very important.",Экзамены,en
"Good afternoon, I cannot pay my tuition fee. Please help me.",Финансы,en
не могу скачать методичку,Библиотека,ru
"Подскажите пожалуйста, не вижу пару. Помогите пожалуйста.",Расписание,ru
"Good afternoon, digital library is lagging. I do not know what to do.",Библиотека,en
"Please help, Error while viewing grades. Please help me.",Экзамены,en
Не могу зарегистрироваться на семестр. Срочно нужна помощь.,Регистрация,ru
The confirmation code does not arrive,IT-проблемы,en
Ошибка оплоты. Срочно нужна помощь.,Финансы,ru
e need help with accommodation,Иностранные студенты,en
"Добрый день, Счет за обучение отображается неверно. Помогите пожалуйста.",Финансы,ru
I have a problem: I cannot complete the registration,Регистрация,en
не вижу schedule на сегодня,Расписание,mixed
"Помогите, Не получил зачет. Уже ннесколько днней не могу решить проблему.",Экзамены,ru
"Добрый день, Не могу оформить регистрацию по месту пребывания. Срочно нужна помощь.",Иностранные студенты,ru
There is a problem with university documents,Документы,en
"сайт универа keeps crashing. Я не знаю, что делать.",IT-проблемы,mixed
"Please help, I cannot log in to my student account. I have been trying to solve this for several days.",IT-проблемы,en
exam results disappeared,Экзамены,en
library account не работает,Библиотека,mixed
"Could you please help me, I cannot submit my assignment through the platform. This is very important.",IT-проблемы,en
"Hello, The e-learning platform is not loading. I need urgent help.",IT-проблемы,en
экзамен не отображается,Экзамены,ru
"Подскажите пожалуйста, portal не открывается. Это очень важно.",IT-проблемы,mixed
student account not loading,IT-проблемы,en
I do not have access to documents,Документы,en
"Hello, The teacher does not check aszignments",Преподаватели,en
Система выдаетт ашибку при авторизацие,IT-проблемы,ru
There is a conflict with a teacher,Преподаватели,en
I cannot choose a discipline,Регистрация,en
Error while registering for a subject,Регистрация,en
"Please help, The grade is missing in the system. Please help me.",Экзамены,en
"Помогите, не понимаю что делать с визой. Уже несколько дней не могу решить проблему.",Иностранные студенты,ru
"Добрый день, Не могу получить студенческий билет. Это очень важно.",Документы,ru
Проблема с онлайн расписанием,Расписание,ru
Payment information is not displayed,Финансы,en
"Здравствуйте, Платиж прошел два раза. Помогите пожалуйста.",Финансы,ru
Изменилось время занятий. Помогите пожалуйста.,Расписание,ru
"Помогите, Нет доступа к документам. Срочно нужна помощь.",Документы,ru
Ошибка поиска книги,Библиотека,ru
деньги charged but статус unpaid,Финансы,mixed
can't open my account. I need urgent help.,IT-проблемы,en
личный кабнет не работает,IT-проблемы,ru
"Could you please help me, My insurance is not displayed in the system. This is very important.",Иностранные студенты,en
There is an error in my grades,Экзамены,en
There iz an error in the zchedule,Расписание,en
"Good afternoon, I have a problem with a teacher. I have been trying to solve this for several days.",Преподаватели,en
There is a problem paying for the dormitory,Финансы,en
I have a problem: I cannot access my account. I do not know what to do.,IT-проблемы,en
I cannot register for a course,Регистрация,en
"Good afternoon, The portal is not responding. Please help me.",IT-проблемы,en
The payment is stuck in the systam,Финансы,en
The teacher is ignoring my messages,Преподаватели,en
I cannot enroll in a subject,Регистрация,en
"Hello, There is not enough information for international students. I do not know what to do.",Иностранные студенты,en
"Good afternoon, I cannot get feedback from the teacher",Преподаватели,en
"Подскажите пожалуйста, Проблема с экзаменационными результатами. Это очень важна.",Экзамены,ru
Счет за обучение отображается неверно,Финансы,ru
I cannot find the classroom,Расписание,en
Курс недоступен для регистрации,Регистрация,ru
Не могу оформить временную регистрацию,Иностранные студенты,ru
расписание shows wrong classroom,Расписание,mixed
"Could you please halp me, I need help with my passport. I do not know what to do.",Иностранные студенты,en
I have a problem: Exam data is not available. I need urgent help.,Экзамены,en
I have a problem accessing the university portal,IT-проблемы,en
Не работает электронная библиотека,Библиотека,ru
"Please help, academic certificate is missing. Please help me.",Документы,en
The system does not accept my file,IT-проблемы,en
Проблема с онлайн расписанием,Расписание,ru
регисттрация слетела,Регистрация,ru
Error while paying through the portal,Финансы,en
"Hello, I cannot get a receipt",Финансы,en
grade неправильный,Экзамены,mixed
I have a problem: I canot access the library. I need urgent help.,Библиотека,en
The classroom is incorrect,Расписание,en
I cannot get a place in the dormitory,Иностранные студенты,en
У меня пробема: Платеж не проходит. Срочно нужна помощь.,Финансы,ru
"Помогите, электронная library лагает. Срочно нужна помощь.",Библиотека,mixed
"Добрый день, нет инфы на английском. же несколько дней не могу решить проблему.",Иностранные студенты,ru
Нет доступа к информации об экзамене. Срочно нужна помощь.,Экзамены,ru
не вижу оценки,Экзамены,ru
"Помогите, Проблема с экзаменационными результатами",Экзамены,ru
"Помогите, Проблема с миграционной картой. Уже несколько дней не могу решить проблему.",Иностранные студенты,ru
Возникла ошибка регистрации,Регистрация,ru
The test grade is incorrect,Экзамены,en
"Could you please help me, I need access to course materials. I need urgent help.",Библиотека,en
I have a problem: The teacher is ignoring my messages. I do not know what to do.,Преподаватели,en
I have a problem: The class time has changed. I do not know what to do.,Расписание,en
Tha schedule is displayed incorrectly,Расписание,en
Документ нне гатов,Документы,ru
passport данные неправильные,Иностранные студенты,mixed
Экзаменационные данные недоступны,Экзамены,ru
"Подскажите пожалуйсто, Расписание отображается неправильнна. Помогите пожалуйста.",Расписание,ru
"Could you please help me, The class was moved without notification. This is very important.",Расписание,en
"Please help, The money was charged but the payment was not confirmed. I need urgent help.",Финансы,en
Система не принимает заявление,Документы,ru
Не отображается список книг,Библиотека,ru
Не понимаю где пройти медицинскую комиссию,Иностранные студенты,ru
не могу получить insurance,Иностранные студенты,mixed
Ошибка в расписании,Расписание,ru
There is a problem paying for the dormitory,Финансы,en
"Hello, Error while searching for a book. I need urgent help.",Библиотека,en
"Помогите, Отсутствует инфармация о паре. Помогите пожалуйста.",Расписание,ru
Библиотечная система не отвечает,Библиотека,ru
I have a problem: wrong exam grade. I need urgent help.,Экзамены,en
"Hello, zerver error when opening the page. I have been trying to solve this for several days.",IT-проблемы,en
У меня проблема: Не могу войти в систему,IT-проблемы,ru
Транскрипт не готов,Документы,ru
"Добрый день, document status не обновляется. Уже несколько дней не могу решить проблему.",Документы,mixed
"Good afternoon, The teacher gave me the wrong grade. This is very important.",Преподаватели,en
Нет доступа к учебным материалам,Библиотека,ru
"Здравствуйте, не могу upload файл на платформу. Уже несколько дней не могу решить проблему.",IT-проблемы,mixed
Курс недоступен для регестрации,Регистрация,ru
Ошибка в расписании,Расписание,ru
document status не обновляется. Это очень важно.,Документы,mixed
Не приходит код подтверждения,IT-проблемы,ru
can't enroll in c0urse,Регистрация,en
The payment is stuck in the system,Финансы,en
Не получил зачет. Уже несколько дней не могу решить проблему.,Экзамены,ru
There es an error en the schedule,Расписание,en
student account не работает,IT-проблемы,mixed
У меня проблема: Проблема с прадлением книги. Уже несколько дней н могу решить проблему.,Библиотека,ru
"Помогите, Справка об обучении не загружается. Уже несколько дней не могу решить проблему.",Документы,ru
Жалоба на преподавателя,Преподаватели,ru
У меня проблема: Проблема с регистрацией. Это очень важно.,Регистрация,ru
Login error in my account,IT-проблемы,en
"Please help, Error while registering for a subject. I need urgent help.",Регистрация,en
Ошибка при просмотре оценок,Экзамены,ru
The payment is stuck in the system,Финансы,en
"Подскажите пожалуйста, Не могу оплатить обучение. Это очень важно.",Финансы,ru
"Good aftern0on, I cannot find the classroom. I do n0t know what to do.",Расписание,en
I have a problem: The payment is stuck in the system. Please help me.,Финансы,en
деньги charged but статус unpaid,Финансы,mixed
"Здравствуйте, Конфликт с преподавателем",Преподаватели,ru
I do not have access to documents,Документы,en
"Добрый день, migration card проблема",Иностранные студенты,mixed
Результаты появились с ошибкой,Экзамены,ru
сайт универа keeps crashing,IT-проблемы,mixed
"Could you please help me, I cannot enroll in a subject. This is very important.",Регистрация,en
I have a problem renewing a book,Библиотека,en
"Please help, The results appeared with an error. Please help me.",Экзамены,en
"Подскажите пожалуйста, не могу upload файл на платформу. Срочно нужна помощь.",IT-проблемы,mixed
Tha payment does not go through,Финансы,en
Счет за обучение отображаеттся неверно,Финансы,ru
The course is not availabla for registration,Регистрация,en
"Здравствуйте, Проблема с ВНЖ. Уже несколько дней не могу решить проблему.",Иностранные студенты,ru
"Здравствуйте, Регистрация была отменена автоматически. Помогите пожалуйста.",Регистрация,ru
I want to complain about a teacher,Преподаватели,en
wrong classroom in schedule,Расписание,en
нет инфы на английском,Иностранные студенты,ru
"Hello, The payment does not go through",Финансы,en
document status не обновляется,Документы,mixed
У меня проблема: Транскрипт не готов. Уже несколько дней не могу решить проблему.,Документы,ru
Ошибка в оценках,Экзамены,ru
Не могу получить доступ к библиотеке,Библиотека,ru
login problem in university system,IT-проблемы,en
У меня проблема: Справка об обучении не загружается. Помогите пожалуйста.,Документы,ru
"Помогите, нне магу получить обратную связь. Помогите пожалуйста.",Преподаватели,ru
The enternational students office d0es not reply,Иностранные студенты,en
"Please help, The system does not accept my application. This is very important.",Документы,en
"Добрый день, Конфликт с преподавателем. Срочно нужна помощь.",Преподаватели,ru
"Подскажите пожалуйста, Не принимают иностранные документы. Срочно нужна помощь.",Иностранные студенты,ru
"Помогите, паспорт не приняли в деканнате. Я не знаю, что делать.",Иностранные студенты,ru
I have a problem: academic certificate is missing. Please help me.,Документы,en
У меня проблема: Система не принимает заявление. Это очень важно.,Документы,ru
Проблима с библиотечным аккаунтом,Библиотека,ru
The pass result is missing,Экзамены,en
Нужна помощь с жильем,Иностранные студенты,ru
Ошибка в оценках,Экзамены,ru
payment прошел но квитанции нет. Уже несколько дней не могу решить проблему.,Финансы,mixed
Не получил зачет,Экзамены,ru
зачет missing in system,Экзамены,mixed
Библиотека не дает скачать файл. Срочно нужна помощь.,Библиотека,ru
portal не открывается,IT-проблемы,mixed
У меня проблема: Не могу оформить временную регистрацию. Уже несколько дней не могу решить проблему.,Иностранные студенты,ru
Не пришла квитанция об оплате,Финансы,ru
Не могу получить квитанцию,Финансы,ru
"Please help, I cannot get a receipt. This is very important.",Финансы,en
У меня проблема: Не могу получить студенческий билет. Помогите пожалуйста.,Документы,ru
"Please help, The system rajects the payment. This is very important.",Финансы,en
"Добрый день, Курс недоступен для регистрации. Я не знаю, что делать.",Регистрация,ru
wrong classroom in schedule,Расписание,en
There is a problem with my library account,Библиотека,en
I cannot download the document,Документы,en
"Good afternoon, I cannot view my results. I have been trying to solve this for several days.",Экзамены,en
"Добрый день, library account не работает",Библиотека,mixed
Error while paying through the portal,Финансы,en
A registration error occurred,Регистрация,en
The pass result is missing,Экзамены,en
Error while requesting a document,Документы,en
деньги charged but статус unpaid,Финансы,mixed
"Please help, Error while l0gging into the digital lebrary. This is very important.",Библиотека,en
"Помогите, Ошибка поиска кнеги",Библиотека,ru
электронная library лагает,Библиотека,mixed
"Подскажите пожалуйста, не вижу пару. Помогите пожалуйста.",Расписание,ru
"Hllo, login problem in university system. I do not know what to do.",IT-проблемы,en
Не могу связаться с преподавателем,Преподаватели,ru
The registration was canceled automatically,Регистрация,en
The document status is not displayed,Документы,en
Не отображается допуск к экзамену. Уже несколько дней не могу решить проблему.,Экзамены,ru
"Please help, Payment information is not displayed. This is very important.",Финансы,en
"Hello, I cannot extend my visa. Please help me.",Иностранные студенты,en
I have a problem: The test grade is incorret. This is very important.,Экзамены,en
Не отображается расписание,Расписание,ru
"Please help, The grade is missing in the system. I do not know what to do.",Экзамены,en
"Добрый день, не могу забрать справку",Документы,ru
Библиотечная система не отвечает,Библиотека,ru
не могу register на курс,Регистрация,mixed
"Добрый день, Конфликт в расписании занятий. Я не знаю, что делать.",Расписание,ru
Книга недоступна,Библиотека,ru
"Добрый день, Не могу связаться с преподавателем. Помогите пожалуйста.",Преподаватели,ru
"Could you please help me, The book is not available. I need urgent help.",Библиотека,en
Tha book is not available,Библиотека,en
"У меня проблема: не могу download книгу. Я не знаю, что делать.",Библиотека,mixed
The system shows an error during authorization,IT-проблемы,en
"Could you please help me, Error while logging into the digital library. I have been trying to solve this for several days.",Библиотека,en
"Could you please help me, I cannot download study materials. I do not know what to do.",Библиотека,en
"Could you please help me, wrong exam grade. I need urgent help.",Экзамены,en
"Please help, There es a problem with the nline schedule",Расписание,en
У меня проблема: Проблема с миграционной картой. Помогите пожалуйста.,Иностранные студенты,ru
"Добрый день, Счет за обучение отображается неверно. Это очень важно.",Финансы,ru
Пара стоит в неправильный день,Расписание,ru
"Добрый день, Конфликт с преподавателем",Преподаватели,ru
Не могу зайти в кабинет,IT-проблемы,ru
I desagree with the eachar's grade,Преподаватели,en
"Здравствуйте, Не могу пройти медосмотр. Помогите пожалуйста.",Иностранные студенты,ru
"Good afternoon, document request not processed. I need urgent help.",Документы,en
Не отображаются результаты экзамена,Экзамены,ru
Exam results are not displayed,Экзамены,en
Не могу оплаттить обучение,Финансы,ru
Преподаватель не отвечает на сообщения,Преподаватели,ru
The system rejects the payment,Финансы,en
Регистрация была отменена автоматически,Регистрация,ru
"Please help, I cannot extend the book loan period. This is very important.",Библиотека,en
Payment error,Финансы,en
Не получил зачет,Экзамены,ru
Не могу зарегистрироваться на курс,Регистрация,ru
I have a problem: There is a problem with the online schedule. Please help me.,Расписание,en
Payment error,Финансы,en
"Здравствуйте, не могу extend visa. Срочно нужна помощь.",Иностранные студенты,mixed
Система отклоняет оплату,Финансы,ru
"Подскажите пожалуйста, Расписание отображается неправильно. Помогите пожалуйста.",Расписание,ru
Конфликт в расписании занятий,Расписание,ru
электронка библиотеки лагает,Библиотека,ru
I need access to course materials. Please help me.,Библиотека,en
Не открывается расписание в личном кабинете,IT-проблемы,ru
Курс недоступен для регистрации,Регистрация,ru
The system does not allow me to choose a group,Регистрация,en
"Здравствуйте, Проблема с визой. Я не знаю, что делать.",Иностранные студенты,ru
"Добрый день, Не могу получить помощь для иностранных студентов. Срочно нужна помощь.",Иностранные студенты,ru
The class disappeared from the schedule. I have been trying to solve this for several days.,Расписание,en
The results appeared with an error,Экзамены,en
не могу download справку,Документы,mixed
class time неверное,Расписание,mixed
"Помогите, Нет доступа к документам. Срочно нужна помощь.",Документы,ru
не могу register на курс,Регистрация,mixed
Не могу открыть экзаменационный лист. Срочно нужна помощь.,Экзамены,ru
Личный кабинет работает слишком медленно,IT-проблемы,ru
"Good afternoon, The list of books is not displayed. This is very important.",Библиотека,en
The international students office does not reply,Иностранные студенты,en
"Good afternoon, There is a problem with document processing. I need urgant help.",Документы,en
"Добрый день, Не могу оплатить обучении. Это очень важно.",Финансы,ru
Неправильна стоит оцинка зо тест,Экзамены,ru
Транскрипт не готов,Документы,ru
Страховка не отображается в системе,Иностранные студенты,ru
Не могу открыть электронный учебник,Библиотека,ru
I cannot open the electronic textbook,Библиотека,en
I have a problem with a teacher,Преподаватели,en
Проблема с оплатой общежития,Финансы,ru
Проблема с платежом,Финансы,ru
"Hello, I cannot get my student ID card. I have been trying to solve this for several days.",Документы,en
medical tests не приняли,Иностранные студенты,mixed
I disagree with the teacher's grade,Преподаватели,en
I cannot get a receipt,Финансы,en
Конфликт в расписании занятий. Уже несколько дней не могу решить проблему.,Расписание,ru
I have a problem: The enrollment certificate is not loading,Документы,en
I have a problem: I cannot extend the book loan period,Библиотека,en
экзамен не отображается,Экзамены,ru
Нужно сдать анализы для университета,Иностранные студенты,ru
"Please help, The class is shown on the wrong day. Please help me.",Расписание,en
У меня проблема: не вижу exam results,Экзамены,mixed
The system doas not accept my file,IT-проблемы,en
registration для foreign student не готова,Иностранные студенты,mixed
Не принимают копию паспорта,Иностранные студенты,ru
"Hello, The schedule is displayed incorrectly. I have been trying to solve this for several days.",Расписание,en
"Помогите, регистрация слетела. Уже несколько дней не могу решить проблему.",Регистрация,ru
"Good afternoon, I cannot get support as an international student. I have been trying to solve this for several days.",Иностранные студенты,en
Не могу скачать документ,Документы,ru
I cannot open the electronic textbook,Библиотека,en
Не могу оформить временную регистрацию,Иностранные студенты,ru
препод игнорит,Преподаватели,ru
teacher not checking homework,Преподаватели,en
"Hello, There is a problem paying for the dormitory. I have been trying to solve this for several days.",Финансы,en
academic certificate is missing,Документы,en
Не получается завершить регистрацию,Регистрация,ru
Регистрация была отменена автоматически,Регистрация,ru
"Could you please help me, Information about the class is missing. I need urgent help.",Расписание,en
"Good afternoon, There is a problem with exam results",Экзамены,en
My foreign documents are not accepted,Иностранные студенты,en
книга не открывается,Библиотека,ru
"Hello, The registration was anceled automatically. This is very important.",Регистрация,en
I cannot register for the semester,Регистрация,en
не могу забрать справку,Документы,ru
"Здравствуйте, Платеж не проходит",Финансы,ru
"Hello, I need a document for my visa. I do not know what to do.",Документы,en
"Hello, Server error when opening the page",IT-проблемы,en
"Подскажите пожалуйста, Аудитория указана неверно. Срочно нужнна памощь.",Расписание,ru
аудитория не та. Срочно нужна помощь.,Расписание,ru
"Помогите, зачет missing in system. Это очень важно.",Экзамены,mixed
The class was moved without notification,Расписание,en
lecturer canceled the class. Please help me.,Преподаватели,en
"Hello, login problem in university system. This is very important.",IT-проблемы,en
"Помогите, Не могу получить помощь для иностранных студентов",Иностранные студенты,ru
I have a problem renewing a book,Библиотека,en
"Здравствуйте, Проблема с оплатой общежития. Помогите пожалуйста.",Финансы,ru
professor ignores messages,Преподаватели,en
Не могу получить квитанцию,Финансы,ru
Не совпадает расписание в системе,Расписание,ru
"Помогите, Отдел иностранных студентов не отвечает. Срочно нужна помощь.",Иностранные студенты,ru
There is a problem with document processing,Документы,en
Error while searching for a book,Библиотека,en
"Hello, I cannot complete the medical checkup. I do not know what to do.",Иностранные студенты,en
Сайт университета не открывается,IT-проблемы,ru
общага для иностранцев не подтверждена,Иностранные студенты,ru
The document contains an error. Please help me.,Документы,en
ошибка регестрации,Регистрация,ru
I cannot choose a discipline,Регистрация,en
Преподаватель не проверяет задания,Преподаватели,ru
У меня проблема: Регистрация было отменена автоматически,Регистрация,ru
Ошибка при оплате через портал,Финансы,ru
There is no information in English,Иностранные студенты,en
"Pleese help, There is no information in Englizh. Please help me.",Иностранные студенты,en
I have a problem: login problem in university system. I have been trying to solve this for several days.,IT-проблемы,en
digital lebrary is lagging,Библиотека,en
Не приходит код подтверждения,IT-проблемы,ru
нужен документ для визы,Документы,ru
"Добрый день, деньги сняли а статус unpaid",Финансы,ru
Не могу войти в систему,IT-проблемы,ru
There is a problem with my medical insuranca,Иностранные студенты,en
"Could you please help me, The system shows an error during authorization",IT-проблемы,en
Проблима с доступом к университеттскому порталу,IT-проблемы,ru
Migration registration es not ready,Иностранные студенты,en
"Could you please help me, The payment was charged twice. I have been trying to solve this for several days.",Финансы,en
I cannot find the classroom,Расписание,en
"Подскажите пожалуйста, Не могу связаться с преподавателем. Помогите пожалуйста.",Преподаватели,ru
I have a problem: I need housing as an international student. I need urgent help.,Иностранные студенты,en
У меня проблема: Не могу получить справку. Помогите пожалуйста.,Документы,ru
"Помогите, Ошибка сервера при открытии страницы. Это очень важно.",IT-проблемы,ru
I did not receive credit for the exam,Экзамены,en
"Hello, I cannot submit my assignment through the platform. I need urgent help.",IT-проблемы,en
не могу pay tuition,Финансы,mixed
У меня проблема: Не могу оформить регистрацию по месту пребывания,Иностранные студенты,ru
"Помогите, Ошибка при оплате через портал. Помогите пожалуйста.",Финансы,ru
не понимаю что делать с визой. Помогите пожалуйста.,Иностранные студенты,ru
"Добрый день, portal не открывается. Я не знаю, что делать.",IT-проблемы,mixed
grade неправильный,Экзамены,mixed
"Подскажите пожалуйста, Ошибка при оформлении визы. Я не знаю, что делать.",Иностранные студенты,ru
"Здравствуйте, Ошибка в расписанеи. Срочно нужна помощь.",Расписание,ru
I cannot view my results,Экзамены,en
can't enroll in course. I do not know what to do.,Регистрация,en
Information about the class is missing,Расписание,en
Нет доступа к информацеи об экзамене. Срочно нужна помощь.,Экзамены,ru
Отсутствует информация о паре. Уже несколько дней не могу решить проблему.,Расписание,ru
Неверно указано время занятия,Расписание,ru
У меня проблема: Жалоба на приподавателя,Преподаватели,ru
деньги charged but статус unpaid,Финансы,mixed
"Здравствуйти, Нит доступа к учебым материалам. Я не знаю, что делать.",Библиотека,ru
"Hello, I do not know where to pass the medical examination. I need urgent help.",Иностранные студенты,en
The course is not aveilable for regestration,Регистрация,en
I cannot register for the semester. I do not know what to do.,Регистрация,en
"Please help, A registration error occurred",Регистрация,en
Exam enrollment is not opening,Регистрация,en
Счет за обучение отображается неверно,Финансы,ru
The grade is incorrect,Экзамены,en
"Добрый день, Проблема с библиотечным аккаунтом. Помогите пожалуйста.",Библиотека,ru
"Good afternoon, I cannot find the classroom. This is very important.",Расписание,en
"Подскажите пожалуйста, Пара исчезла из расписания. Уже несколько дней не могу решить проблему.",Расписание,ru
"Good afterno0n, professor ignores messages. Please help ma.",Преподаватели,en
There is a problem with document processing,Документы,en
У меня проблема: не вижу schedule на сегодня,Расписание,mixed
"Подскажите пожалуйста, registration на экзамен не работает. Я не знаю, что делать.",Регистрация,mixed
"Добрый день, Не согласен с оценкой преподавателя. Срочно нужна помощь.",Преподаватели,ru
"Please help, The teacher doas not chack assignments. e need urgent help.",Преподаватели,en
"Здравствуйте, Не принимают копию паспорта. Срочно нужна помощь.",Иностранные студенты,ru
The schedule is displayed incorrectly,Расписание,en
"Could you please help me, I cannot get a certificate. I have been trying to solve this for several days.",Документы,en
My student portal is frozen. I have been trying to solve this for several days.,IT-проблемы,en
"Good afternoon, My document request is stuck in the system. This is very important.",Документы,en
Не принимают иностранные документы,Иностранные студенты,ru
Не могу найти аудиторию. Срочно нужна помощь.,Расписание,ru
У меня проблема: Экзаменационные данные ннедоступны,Экзамены,ru
Проблема с миграционной картой,Иностранные студенты,ru
не могу скачать методичку,Библиотека,ru
"Please help, The portal is not responding. I do not know what to do.",IT-проблемы,en
I have a problem: I cannot log in to my student account. I have been trying to zolve this for several days.,IT-проблемы,en
Ошибка при регистрации на предмет,Регистрация,ru
"Помогите, училка не проверила работу. Срочно нужна помощь.",Преподаватели,ru
"Подскажите пожалуйста, Не могу получить квитанцию. Срочно нужна помощь.",Финансы,ru
Ошибка оплаты,Финансы,ru
Error while applying for a visa,Иностранные студенты,en
"Подскажите пожалуйста, Не могу оформить временную регистрацию. Срочно нужна помощь.",Иностранные студенты,ru
"Could you please help me, tuition payment problem. I need urgent help.",Финансы,en
У меня проблема: Ошибка поиска книги. Помогите пожалуйста.,Библиотека,ru
"Деньги списаны, но платеж не подтвержден",Финансы,ru
Error while viewing grades,Экзамены,en
Не могу получить справку,Документы,ru
The system does not accept my application,Документы,en
сайт универа keeps crashing,IT-проблемы,mixed
"Подскажите пожалуйста, расписание shows wrong classroom. Это очень важно.",Расписание,mixed
The enrollment certificate is not loading,Документы,en
"Could you please help me, The portal is not responding. I need urgent help.",IT-проблемы,en
"Hello, Error while paying through the portal. Please help me.",Финансы,en
The class time has changed,Расписание,en
Не могу зайти в кабинет,IT-проблемы,ru
The university website does not open,IT-проблемы,en
Личный кабинет работает слишком медленно,IT-проблемы,ru
"Подскажите пожалуйсто, Нет енформаии на английском языке. Срочно нужна помощь.",Иностранные студенты,ru
I cannot complete the registration,Регистрация,en
Не отображается статус документа,Документы,ru
"Здравствуйте, Преподаватель поставил неправильную оценку. Помогите пожалуйста.",Преподаватели,ru
"Помогити, Не могу выбратть дисциплину. Срочно нужна помощь.",Регистрация,ru
Экзаменационные данные недоступны,Экзамены,ru
Пара стоит в неправильный день,Расписание,ru
Не отображаеттся список книг. Помогите пожалуйста.,Библиотека,ru
"Подскажите пожалуйста, Не могу открыть экзаменационный лист. Это очень важно.",Экзамены,ru
I need to apply for temporary residence permit,Иностранные студенты,en
Не отображается допуск к экзамену,Экзамены,ru
I have a problem: I cannot register for a course. Please help me.,Регистрация,en
Проблема с оплатой общежития,Финансы,ru
"Could you please help me, The platform logs me out automatically. I do not know what to do.",IT-проблемы,en
"Hello, Error while logging into the digital library. I do not know what to do.",Библиотека,en
"Добрый день, Отсутствует информация о паре. Помогите пожалуйста.",Расписание,ru
I did not receive credit for the exam. This is very important.,Экзамены,en
dormitory confirmation is miszeng,Иностранные студенты,en
"Добрый день, Не отображается допуск к экзамену",Экзамены,ru
receipt is missing,Финансы,en
"Подскажите пожалуйста, Не принимают копию паспорта. Я не знаю, что делать.",Иностранные студенты,ru
"Добрый день, не дает выбрать курс",Регистрация,ru
"Hello, My foreign documents are not accepted. I do not know what to do.",Иностранные студенты,en
не вижу пару,Расписание,ru
Нет информации на английском языке,Иностранные студенты,ru
"Good afternoon, tuiteon peyment problem. Please help me.",Финансы,en
Библиотечная система не отвечает,Библиотека,ru
электронная library лагает,Библиотека,mixed
не вижу exam results,Экзамены,mixed
"Подскажите пожалуйста, Не отображается расписание. Помогите пожалуйста.",Расписание,ru
"Could you please help me, The grade is incorrect. I have been trying to solve this for several days.",Экзамены,en
I cennot extend my via,Иностранные студенты,en
"Помогите, Неверно указана оценка",Экзамены,ru
"Здравствуйте, Документ оформлен с ошибкой. Я не знаю, что делать.",Документы,ru
There is a problem with my library account,Библиотека,en
"Please help, The class time is incorrect. I do not know what to do.",Расписание,en
The university website is lagging. This is very important.,IT-проблемы,en
The document status is not displayed,Документы,en
The teacher gave me the wrong grade,Преподаватели,en
"Please help, The university website does not open. I do not know what to do.",IT-проблемы,en
My group is missing from the schedule,Расписание,en
Ошибка при входе в аккаунт,IT-проблемы,ru
"Could you please help me, There is a problem with the payment. I need urgent help.",Финансы,en
"Помогите, универ сайт лагоет. Я не знаю, что делать.",IT-проблемы,ru
payment прошел но квитанции нет,Финансы,mixed
professor ignores messages,Преподаватели,en
"Помогите, Платеж не проходит",Финансы,ru
"Подскажити пожалйста, Не совпадает расписание в системе. Эта ачень важно.",Расписание,ru
"Please help, The confirmation code does not arrive. This is very important.",IT-проблемы,en
"Не могу открыть экзаменационный лист. Я не знаю, что делать.",Экзамены,ru
Аудитория указана неверно,Расписание,ru
Проблема с заселением в общежитие. Уже несколько дней не могу решить проблему.,Иностранные студенты,ru
У меня проблема: Портал не отвечает. Это очень важно.,IT-проблемы,ru
"Здравствуйте, расписание кривое. Это очень важно.",Расписание,ru
"Hello, The teacher replies rudely. This is very important.",Преподаватели,en
Проблема с библиотечным аккаунтом,Библиотека,ru
I need access to course materials,Библиотека,en
"Good afternoon, The classroom is incorrect. This is very important.",Расписание,en
"Good afternoon, The system does not allow me to choose a group. I do not know what to do.",Регистрация,en
I cannot see my class,Расписание,en
училко не проверила работу. Срочно нужна помощь.,Преподаватели,ru
"Could y0u please elp me, A registration error occurred. I need urgent help.",Регистрация,en
"Добрый день, migration card проблема. Срочно нужна помощь.",Иностранные студенты,mixed
"Could you please help me, Information about the class is missing. I have been trying to solve this for several days.",Расписание,en
The class time is incorrect,Расписание,en
"Помогите, электронка библиотеки лагает",Библиотека,ru
I disagree with the teacher's grade,Преподаватели,en
"Здравствуйте, Не могу зайти в кабинет. Уже несколько днней не могу решить проблему.",IT-проблемы,ru
Конфликт с преподавателем. Это очень важно.,Преподаватели,ru
Не могу пройти медосмотр,Иностранные студенты,ru
"Hello, The grade is incorrect. I need urgent help.",Экзамены,en
Не отображаются результаты экзамена,Экзамены,ru
I cannot view my results,Экзамены,en
Книга недоступна. Уже несколько дней не могу решить проблему.,Библиотека,ru
"Здравствуйте, Возникла ошибка регистрации. Уже несколько дней не могу решить проблему.",Регистрация,ru
не могу contact преподователя,Преподаватели,mixed
Не работаетт электроннная библиотека,Библиотека,ru
"Добрый день, Не принимают иностранные документы. Помогите пожалуйста.",Иностранные студенты,ru
не могу register на курс,Регистрация,mixed
Не отображается регистрация на экзамен,Регистрация,ru
"Please help, The system rejects the payment. I have been trying to solve this for several days.",Финансы,en
Проблема с оплтой общежития,Финансы,ru
"Добрый день, Отсутствует информация о паре. Срочно нужна помощь.",Расписание,ru
"Please help, There is a registration problem",Регистрация,en
The system does not allow me to register. I need urgant help.,Регистрация,en
Не могу получить помощь для иностранных студентов,Иностранные студенты,ru
portal keeps crashing,IT-проблемы,en
The e-learning platform is not loading,IT-проблемы,en
Проблема с оплатой общежития,Финансы,ru
exam results disappeared,Экзамены,en
"Подскажите пожалуйста, мед анализы не приняли. Срочнно нужна помощь.",Иностранные студенты,ru
"Помогите, Портал не отвечает. Это очень важно.",IT-проблемы,ru
medical tests не приняли,Иностранные студенты,mixed
Неверно указана оценка,Экзамены,ru
"У меня проблема: регистрация слетела. Я не знаю, что делать.",Регистрация,ru
Не могу получить место в общежитии,Иностранные студенты,ru
Exam admission is not displayed,Экзамены,en
"Помогите, Не могу найти аудиторию. Уже несколько дней не могу решить проблему.",Расписание,ru
I need a document for my visa,Документы,en
"Подскажите пожалуйста, Не могу получеть справку. Срочно нужна помощь.",Документы,ru
"Please help, There is a problem with document processing. I need urgent help.",Документы,en
I have a problem with a teacher,Преподаватели,en
"Good afternoon, I cannot open the exam zheet",Экзамены,en
The class is zhown on the wrong day,Расписание,en
"Could you please help me, I do not have access to exam information",Экзамены,en
"Помогите, деканат не обновил документ. Я не знаю, что делать.",Документы,ru
registration на экзамен не работает,Регистрация,mixed
"Hello, The document status is not displayed. I do not know what to do.",Документы,en
I cannot open the exam sheet,Экзамены,en
registration на экзаменн не работает,Регистрация,mixed
Не приходит код подтверждения,IT-проблемы,ru
I cannot download the document,Документы,en
"Could you please help me, I need housing as an international student. Please help me.",Иностранные студенты,en
I need an academic certificate,Документы,en
"У меня проблема: Библиотека не дает скачать файл. Я не знаю, что делать.",Библиотека,ru
I cannot get support as an international student,Иностранные студенты,en
Система не позволяет зарегистрироваться,Регистрация,ru
The e-learning platform is not loading,IT-проблемы,en
не могу register на курс,Регистрация,mixed
The system does not accept my file. This is very important.,IT-проблемы,en
The class was moved without notification,Расписание,en
Payment inf0rmation is not displayed,Финансы,en
"Здравствуйте, Не приходит код подтверждения. Это очень важно.",IT-проблемы,ru
нужен certificate для визы,Документы,mixed
There is a problem with exam results,Экзамены,en
Нет результата зачета,Экзамены,ru
I have a problem: Error while registereng migretion documents. I have been trying to solve this for several deys.,Иностранные студенты,en
"Здравствуйте, grade непровельный. Я не знаю, чтто делать.",Экзамены,mixed
нужен certificate для визы,Документы,mixed
Не знаю какее документ нужны для визы,Иностранные студенты,ru
"Could you please help me, The teacher did not upload the materials. I have been trying to solve this for several days.",Преподаватели,en
Не могу оформить регистрацию по месту пребывания,Иностранные студенты,ru
"У меня проблема: электронка библиотеки лагает. Я не знаю, что делать.",Библиотека,ru
Нужна академическая справка,Документы,ru
I have a problem: The enrollment certificate is not loading. Please help me.,Документы,en
"Добрый день, Занятие перенесено без уведомления",Расписание,ru
medical tests не приняли,Иностранные студенты,mixed
"Здравствуйте, квитанция не появилась. Это очень важно.",Финансы,ru
расписание кривое,Расписание,ru
электронка библиотики лагает,Библиотека,ru
Не понимаю где пройти медицинскую комиссию,Иностранные студенты,ru
I have a problem: There is a problem with medical tests. This is very important.,Иностранные студенты,en
The schedule in the system does not match,Расписание,en
"Помогите, квитанция не появилась. Это очень важно.",Финансы,ru
I need access to course materials,Библиотека,en
"Could you please help me, Server error when opening the page. Please help me.",IT-проблемы,en
The class is shown on the wrong day,Расписание,en
"Hello, The money was charged but the payment was not confirmed. I have been trying to solve this for several days.",Финансы,en
I have a problem: The classroom is incorrect. Please help me.,Расписание,en
"Добрый день, Не могу выбрать дисциплину. Уже нисколько дней не могу решить проблему.",Регистрация,ru
I cannot open the exam sheet,Экзамены,en
"Подскажите пожалуйста, Нет доступа к документам. Помогите пожалуйста.",Документы,ru
"Good aftern0on, The teacher does not reply t0 messages. I do not know what to do.",Преподаватели,en
The system does not allow me to register,Регистрация,en
У меня проблема: Не могу аформить регистрацию по месту пребывания. Памогите пожалуйста.,Иностранные студенты,ru
"Could you please help me, There is a problem with dormitory for international students",Иностранные студенты,en
"Please help, There is a problem with the online schedule. This is very important.",Расписание,en
"Помогите, Нет информации на английском языке. Срочно нужна помощь.",Иностранные студенты,ru
Нет доступа к учебным материалам,Библиотека,ru
The results appeared with an error,Экзамены,en
"Hello, The class was moved without notification",Расписание,en
I have a problem: The schedule in the system does not match,Расписание,en
"Добрый день, Проблема с университетскими документами",Документы,ru
The teacher replies rudely,Преподаватели,en
My group is missing from the schedule,Расписание,en
"Could you please help me, I cannot open the exam sheet. This is very important.",Экзамены,en
The system does not accept my file. This is very important.,IT-проблемы,en
Платформа не принимает файл,IT-проблемы,ru
The system rajects the payment,Финансы,en
I have a problem: The system does not allow me to register. I have been trying to solve this for several days.,Регистрация,en
The teacher replies rudely,Преподаватели,en
Не работает электронная библиотека,Библиотека,ru
"Подскажите пожалуйста, Не могу скачать докуменнт. Помогите пожалуйста.",Документы,ru
Нужна академическая справка,Документы,ru
"Здравствуйте, Проблема со страховкой. Уже несколько дней не могу решить проблему.",Иностранные студенты,ru
I have a problem: There is a problem paying for the dormitory. Pleese help me.,Финансы,en
Ошибка при запросе документа,Документы,ru
"Подскажите пожалуйста, нужен документ для визы. Это очень важно.",Документы,ru
I cannot get my student ID card,Документы,en
не могу contact преподавателя,Преподаватели,mixed
The results appeared with an error,Экзамены,en
"Ошибка при просмотре оценок. Я не знаю, что делать.",Экзамены,ru
"Please help, Login error en my account. Please help me.",IT-проблемы,en
I have a problem: teacher not checking homework,Преподаватели,en
Проблема с миграционной службой,Иностранные студенты,ru
Не могу получить доступ к библиотеке. Помогите пожалуйста.,Библиотека,ru
"Помогите, Пара исчезла из расписания. Я не знаю, что делать.",Расписание,ru
"Помогите, grade неправильный. Срочно нужна помощь.",Экзамены,mixed
I need access to course materials,Библиотека,en
"Подскажите пожалуйста, Справка об обучении не загружается. Это очень важно.",Документы,ru
"Could you please help me, The schedule is displayed incorrectly. I need urgent help.",Расписание,en
Неправильно стоит оценка за тест,Экзамены,ru
У меня проблема: Проблема с общежитием для иностронного студента,Иностранные студенты,ru
The list of books is not displayed,Библиотека,en
The university website is lagging,IT-проблемы,en
Документ оформлен с ошибкой,Документы,ru
"Could you please help me, I cannot open the electronic textbook. I do not know what to do.",Библиотека,en
не могу download справку,Документы,mixed
"Could you please help me, The payment is stuck in the system",Финансы,en
"Здравствуйте, Не могу продлить срок книги. Я не знаю, что делать.",Библиотека,ru
"Please help, I do not know how to extend my registration. I have been trying to solve this for several days.",Иностранные студенты,en
"Помогите, не могу login в личный кабинет",IT-проблемы,mixed
"Please help, I cannot get a place in the dormitory. This is very important.",Иностранные студенты,en
препод гнорит,Преподаватели,ru
document status не обновляется,Документы,mixed
"Подскажите пожалуйста, Пара стоит в неправильный день",Расписание,ru
Payment information is not displayed. I do not know what to do.,Финансы,en
"Hello, professor egnores messages. I do not know what to do.",Преподаватели,en
"Could you please help me, I cannot get a receipt. Please help me.",Финансы,en
can't enroll in course,Регистрация,en
"Добрый день, препод не отвечает. Срочно нужна помощь.",Преподаватели,ru
"Please help, The study material is blocked. This is very important.",Библиотека,en
"God afternoon, I cannot cho0se a discipline. I do not know what to do.",Регистрация,en
I have a problem: Exam admission is not displayed,Экзамены,en
Не открыоется запись на экзамен,Регистрация,ru
"Please help, I cannot get a certificate",Документы,en
The system does not allow me t0 register,Регистрация,en
The portal is not rezponding,IT-проблемы,en
I have a problem with my visa,Иностранные студенты,en
I have a problem: I cannot get a certificate. I have been trying to solve this for several days.,Документы,en
The teacher is ignoring my messages,Преподаватели,en
"Помогите, Не могу записаться на предмет. Это очень важно.",Регистрация,ru
Пара стоит в неправильный день,Расписание,ru
"Здравствуйте, электронка библиотеки лагает",Библиотека,ru
"Please help, student account not loading. This is very important.",IT-проблемы,en
"Could you please help me, The schedule is displayed incorrectly. I do not know what to do.",Расписание,en
Не могу восстановить пароль,IT-проблемы,ru
I cannot see my class,Расписание,en
"Please help, The grade is missing in the system",Экзамены,en
не вижу schedule на сегодня,Расписание,mixed
document status не обновляется,Документы,mixed
The teacher replies rudely,Преподаватели,en
"Здравствуйте, Ошибка в оценках. Это очень важно.",Экзамены,ru
lecturer canceled the class,Преподаватели,en
"Подскажите пожалуйста, Не могу получить квитанцию. Я не знаю, что делать.",Финансы,ru
Регистрация была отменена автоматически,Регистрация,ru
I have a problem: I cannot complete th registration. I have been trying to solve this for several days.,Регистрация,en
Не могу связаться с преподавателем. Уже несколько дней не могу решить проблему.,Преподаватели,ru
У меня проблема: не вижу пару. Помогите пожалуйста.,Расписание,ru
"Good afternoon, passport issue with university office",Иностранные студенты,en
receipt is missing,Финансы,en
"Please help, Error while requesting a document. Please help me.",Документы,en
"Good afternoon, The study material is blocked",Библиотека,en
"Подскажите пожалуйста, Преподаватель не проверяет задания. Я не знаю, что делать.",Преподаватели,ru
document status не обновляется,Документы,mixed
I do not know where to pass the medical examination,Иностранные студенты,en
I cannot register for the semester,Регистрация,en
"Добрый день, Система отклоняет оплату. Помогитте пожалуйста.",Финансы,ru
"Добрый деннь, не вижу schedule на сегодня",Расписание,mixed
"Здравствуйте, не могу логиниться. Срочно ннужна помощь.",IT-проблемы,ru
registration error,Регистрация,en
"Hello, I cannot register for a course. I need urgent help.",Регистрация,en
There is a problem with my library account,Библиотека,en
Преподаватель не отвечает на сообщения,Преподаватели,ru
"Could you please help me, There is a problem with document processing",Документы,en
"Добрый день, Результаты появились с ошибкой. Помогите пожалуйста.",Экзамены,ru
"Добрый день, Не приходит код подтверждения. Я не знаю, что делать.",IT-проблемы,ru
I cannot register for the semester,Регистрация,en
Exam admission is not displayed,Экзамены,en
"Please help, The grade is incorrect. I do not know what to do.",Экзамены,en
The system does not allow me to choose a group,Регистрация,en
Exam results are not displayed,Экзамены,en
There is a registration problem,Регистрация,en
"Здравствуйте, Ошибка при входе в аккаунт. Это очень важно.",IT-проблемы,ru
I have a problem: The cless time has changed. Please help ma.,Расписание,en
нужен certificate для визы. Помогите пожалуйста.,Документы,mixed
I need a document for my visa. I need urgent help.,Документы,en
professor ignores messages,Преподаватели,en
There iz a conflict in the class schedule. This is very important.,Расписание,en
"Помогите, Не могу связаться с преподавателем",Преподаватели,ru
"Здравствуйте, Не отображается регистрация на экзамен",Регистрация,ru
"Жалоба на преподавателя. Я не знаю, что делать.",Преподаватели,ru
не дает выбрать курс. Это очень важно.,Регистрация,ru
Нт результата зачета,Экзамены,ru
Документ оформлен с ошибкой,Документы,ru
Server error when opening the page,IT-проблемы,en
Не получается завершить регистрацию,Регистрация,ru
payment прошел но квитанции нет,Финансы,mixed
Нет доступа к учебным материалам,Библиотека,ru
"Hello, The teacher is ignoring my messages",Преподаватели,en
"Could you please help me, I cannot contact the teacher. I do not know what to do.",Преподаватели,en
Результаты появились с ошибкой,Экзамены,ru
У меня проблема: Не пришла квитанция об оплате. Помогите пожалуйста.,Финансы,ru
"Помогите, зачет не поставили. Уже несколько дней не могу решить проблему.",Экзамены,ru
I cannot get a receipt,Финансы,en
"Hello, The teacher did not upload the materials. I do not know what to do.",Преподаватели,en
"Регистрация была отминена автоматичиски. Я нне зна, что делать.",Регистрация,ru
"Помогите, Не могу получить справку. Уже несколько дней не могу решить проблему.",Документы,ru
"Could you please help me, The university website is lagging. This is very important.",IT-проблемы,en
Несправедливая оценка. Помогите пожалуйста.,Преподаватели,ru
У меня проблема: Не могу восстановить пароль,IT-проблемы,ru
"Please help, The system does not accept my file. I do not know what to do.",IT-проблемы,en
I cannot open the exam sheet,Экзамены,en
Неверно указана оценка,Экзамены,ru
I cannot reset my password,IT-проблемы,en
"У меня проблема: Проблема с доступом к университетскому порталу. Я не знаю, что делать.",IT-проблемы,ru
I disagree with the teacher's grade,Преподаватели,en
электронная library лагает,Библиотека,mixed
не вижу schedule на сегодня,Расписание,mixed
У меня проблема: Не отображается регистрацея на экзамен,Регистрация,ru
"Good afternoon, The system does not accept my file. I have been trying to solve this for several days.",IT-проблемы,en
"Помогите, Проблема с оформлением докуминтов. Помогите пожалуйста.",Документы,ru
Проблема с доступом к университетскому порталу,IT-проблемы,ru
расписание shows wrong classroom,Расписание,mixed
не вижу пару,Расписание,ru
зачет не поставили,Экзамены,ru
Error while requesting a document,Документы,en
Изменелось время занятий. Это ачень важно.,Расписание,ru
academic certificete is missing,Документы,en
"Could you please help me, I cann0t opan the electronic textbook. I need urgent help.",Библиотека,en
"Подскажите пожалуйста, Не работает электронная библиотека. Это очень важно.",Библиотека,ru
"Could you please help me, I need a document for my visa. This is very important.",Документы,en
"Hello, I need help with accommodation. This is vary important.",Иностранные студенты,en
The teacher replies rudely,Преподаватели,en
"Good afternoon, Error while registering for a subject. This is very important.",Регистрация,en
document status не обновляется,Документы,mixed
экзамен не оттображается,Экзамены,ru
I cannot reset my password. This is very important.,IT-проблемы,en
Не открывается запись на экзамен. Срочно нужна помощь.,Регистрация,ru
У меня проблема: деканат не обновил документ. Помогите пожалуйста.,Документы,ru
Преподаватель не загрузил материалы,Преподаватели,ru
У меня проблема: Не отображается информация об оплати. Уже несколька дней не могу решить проблему.,Финансы,ru
У меня проблема: Неверно указана оценка,Экзамены,ru
The system does not accept my file. I have been trying to solve this for several days.,IT-проблемы,en
The class was moved without notifecation. Please help me.,Расписание,en
There is an error in the schedule,Расписание,en
Регистрация была отменена автоматически,Регистрация,ru
"Здравствуйте, Преподаватель не отвечает на сообщения. Я не знаю, что делать.",Преподаватели,ru
Не могу скачать документ,Документы,ru
Аудитория указана неверно,Расписание,ru
"Hello, I cannot choose a discipline. I do not know what to do.",Регистрация,en
payment прошел но квитанции нет. Помогите пожалуйста.,Финансы,mixed
Не отображается допуск к экзамену,Экзамены,ru
"Could you please help me, I did not receive credit for the exam. This is very important.",Экзамены,en
"Здравствуйте, Не удается скачать учебный материал. Это очень важно.",Библиотека,ru
Error while requesting a document,Документы,en
"резы экзамена пропали. Я не знаю, что делать.",Экзамены,ru
"Could you please help me, There is a conflict with a teacher. Please help me.",Преподаватели,en
I cannot extend my visa,Иностранные студенты,en
"Hello, Error while registering for a subject. I have been trying to solve this for several days.",Регистрация,en
У меня проблема: Ошибка оплаты. Уже несколько дней не могу решить проблему.,Финансы,ru
деньги сняли а статус unpaid,Финансы,ru
The schedule is not displayed,Расписание,en
Не могу посмотреть результаты,Экзамены,ru
My student account is working very slowly,IT-проблемы,en
"Please help, The library system is not responding. I do not know what to do.",Библиотека,en
зачет missing in system. Срочно нужна помощь.,Экзамены,mixed
не могу download справку,Документы,mixed
резы экзамена пропали,Экзамены,ru
У меня проблема: не дает выбрать курс. Помогите пожалуйста.,Регистрация,ru
"Добрый день, Не могу открыть экзаменационный лист. Это очень важно.",Экзамены,ru
квитанция не появилась,Финансы,ru
Login error in my account,IT-проблемы,en
препод не отвечает in chat,Преподаватели,mixed
Ошибка при оплате через портал,Финансы,ru
"Помогите, Пара исчезла из расписания. Я не знаю, что делать.",Расписание,ru
Нет доступа к информации об экзамене,Экзамены,ru
I do not know what documents are needed for visa,Иностранные студенты,en
The lecturer did not come to class,Преподаватели,en
У меня проблема: Регистрация была отменена автоматически. Помогите пожалуйста.,Регистрация,ru
У меня проблема: не вижу оценки. Это очень важно.,Экзамены,ru
Справка об обучинии не загружается,Документы,ru
student account не работает,IT-проблемы,mixed
I have a problem: I have a problem with a teacher. I do not know what to do.,Преподаватели,en
"Здравствуйте, Нет результата зачета. Помогите пожалуйста.",Экзамены,ru
"Помогите, Ошибка при регистрации миграционных документов. Уже несколько дней не могу решить проблему.",Иностранные студенты,ru
не могу login в личный кабинет,IT-проблемы,mixed
У меня проблема: Счет за обучение отображается неверно. Помогите пожалуйста.,Финансы,ru
"Could you please help me, I need help with accommodation. Please help me.",Иностранные студенты,en
registration для foreign student не готова,Иностранные студенты,mixed
I have a problem: Error while registering for a subject,Регистрация,en
"Добрый день, registration на экзамен не работает. Помогите пожалуйста.",Регистрация,mixed
"не вижу оценки. Я не знаю, что делать.",Экзамены,ru
I have a problem: Exam data is not available. I need urgent help.,Экзамены,en
I cannot complete my residence registration. I have been trying to solve this for several days.,Иностранные студенты,en
Неверно указано ремя занятия,Расписание,ru
The course is not available for registration,Регистрация,en
There is a problem with my medical insurance,Иностранные студенты,en
"Помогите, Неверно указано время занятия. Это очень важно.",Расписание,ru
Не могу скачать документ,Документы,ru
не вижу schedule а сегодня,Расписание,mixed
не могу записаться,Регистрация,ru
деньги сняли а статус unpaid,Финансы,ru
"Здравствуйте, Не могу восстановить пароль",IT-проблемы,ru
I have a problem: My d0cment requezt is stuck in the system. I need urgent help.,Документы,en
Транскрипт не готов,Документы,ru
I cannot complete my residence registration,Иностранные студенты,en
The class time has changed,Расписание,en
"Good afternoon, The list of books is not displayed. I have been trying to solve this for several days.",Библиотека,en
нужна help with dormitory,Иностранные студенты,mixed
Несправедлевая оценка,Преподаватели,ru
There is a problem with my library account,Библиотека,en
зачет не поставили,Экзамены,ru
"Good afternoon, book file does not open. I have been trying to solve this for several days.",Библиотека,en
There is an error in the schedule. This is very important.,Расписание,en
"Помогите, Ошибка при оплате через портал. Это очень важно.",Финансы,ru
не могу pay tuition,Финансы,mixed
портал умер,IT-проблемы,ru
"Hello, can't enroll in course. I need urgent help.",Регистрация,en
"Could you please help me, The class time is incorrect. I have been trying to solve this for several days.",Расписание,en
professor ignores messages,Преподаватели,en
The money was charged but the payment was not confirmed,Финансы,en
зачет missing in system,Экзамены,mixed
My transcript is not ready,Документы,en
"У меня проблема: Не отображается допуск к экзамену. Я не знаю, что делать.",Экзамены,ru
"Добрый день, Преподаватель отменил занятие. Уже несколько дней не могу решить проблему.",Преподаватели,ru
"Помогите, Проблема с общежитием для иностранного студента. Срочно нужна помощь.",Иностранные студенты,ru
У меня пробема: не могу лагиниться,IT-проблемы,ru
"Помогите, Не отображается регистрация на экзамен. Срочно нужна помощь.",Регистрация,ru
"Could you please help me, dormitory confrmation is missing. I have been trying to solve this for sevaral dayz.",Иностранные студенты,en
"Please help, passport issue with university office. I have been trying to solve this for several days.",Иностранные студенты,en
Проблема с регистрацией. Помагите пожалуйста.,Регистрация,ru
"Good afternoon, The tuition invoice is displayed incorrectly. I do not know what to do.",Финансы,en
"Помогите, Не отткрывается запись на экзамен",Регистрация,ru
I have a problem with my visa,Иностранные студенты,en
"Добрый день, Не могу оплатить семестр. Я не знаю, что делать.",Финансы,ru
"Добрый день, Ошебка поиска книги. Я не знаю, что делать.",Библиотека,ru
I have a problem with a teacher. Please help me.,Преподаватели,en
"Добрый день, Проблема с экзаменационными результаттами. Уже несколько дней не могу решить проблему.",Экзамены,ru
"Good afternoon, digital library is lagging. This is very important.",Библиотека,en
I have a problem: I cannot register for the semester. Please help me.,Регистрация,en
"Добрый день, Не могу получить студенческий билет",Документы,ru
wrong exam grade,Экзамены,en
"Подскажите пожалуйстта, Система выбрасывает меня из аккаунта. Срочнно нужна помощь.",IT-проблемы,ru
I need an academic certificate,Документы,en
registration error. I need urgent help.,Регистрация,en
I cannot complete the registration. I do not know what to do.,Регистрация,en
document request not processed,Документы,en
Не могу открыть электронный учебник,Библиотека,ru
Экзаменационные данные недоступны,Экзамены,ru
There is a problem with my library account,Библиотека,en
"Здравствуйте, не могу получить insurance. Это очень важно.",Иностранные студенты,mixed
The library website does not let me download the file,Библиотека,en
"Помогите, Не могу посмотреть результаты",Экзамены,ru
"Please help, There is a problem with my medical insurance",Иностранные студенты,en
I cannot extend the book loan period,Библиотека,en
"Please help, The library website does not let me download the file. This is very important.",Библиотека,en
"Could you please help me, Payment information is not displayed. I do not know what to do.",Финансы,en
"Здравствуйте, Экзоменацеонные данные недоступны. Я не знаю, что делать.",Экзамены,ru
"Добрый день, деньги сняли а статус unpaid",Финансы,ru
There is a problem with exam results,Экзамены,en
"Добрый день, не могу contact преподавателя. Это очень важно.",Преподаватели,mixed
There is a problem with my library account,Библиотека,en
"Please help, There is a problem choosing the study program. Please help ma.",Регистрация,en
"Please help, The classroom is incorrect. This is very important.",Расписание,en
"Здравствуйте, class time неверное. Это очень важно.",Расписание,mixed
profezsor ignorez messagas,Преподаватели,en
У меня проблема: medical tests не приняли. Уже несколько дней не могу решить проблему.,Иностранные студенты,mixed
"Please help, The grade is incorrect. Please help me.",Экзамены,en
Транскрипт не готов,Документы,ru
"Hello, The classroom is incorrect",Расписание,en
"Please help, There is a conflict in the class schedule. Please help me.",Расписание,en
Не отображается расписание,Расписание,ru
The grade is incorrect. I do not know what to do.,Экзамены,en
The document is not ready,Документы,en
"Подскажите пожалуйста, электронная library лагает. Это очинь важно.",Библиотека,mixed
"Помогите, grade неправильный. Это очень важно.",Экзамены,mixed
dorm payment issue,Финансы,en
Платеж не проходит,Финансы,ru
"Please help, Server error when opening the page. Please help me.",IT-проблемы,en
"Здравствуйте, grade неправильный. Срочно нужна помощь.",Экзамены,mixed
"Hello, Error while searching for a book",Библиотека,en
нужна help with dormitory,Иностранные студенты,mixed
I cannot complete the registration. This is very important.,Регистрация,en
У меня проблема: сайт универа keeps crashing. Уже несколько дней не могу решить проблему.,IT-проблемы,mixed
Проблема с университетскими документами,Документы,ru
The course is not available for registration,Регистрация,en
The registration was canceled automatically,Регистрация,en
Преподаватель не проверяет задания. Помогите пожалуйста.,Преподаватели,ru
У меня проблма: Расписание отображается неправильно,Расписание,ru
Неверно указана оценка. Помогите пожалуйста.,Экзамены,ru
portal не открывается,IT-проблемы,mixed
book file does not open,Библиотека,en
"У меня проблема: не могу pay tuition. Я не знаю, что делать.",Финансы,mixed
My student account is working very slowly,IT-проблемы,en
"Добрый день, Нужна академическая справка. Помогите пожалуйста.",Документы,ru
Нет доступа к документам,Документы,ru
The teacher does not reply to messages,Преподаватели,en
Не отображается информация об оплате,Финансы,ru
I have a problem: lecturar canceled the class. I have been trying to solve this for several days.,Преподаватели,en
"Hello, Information about the class is missing. I need urgent help.",Расписание,en
Не отображается регистрация на экзамен,Регистрация,ru
The grade is unfair,Преподаватели,en
"Could you please help me, The library website does not let me download the file. I do not know what to do.",Библиотека,en
medical tests нне приняли,Иностранные студенты,mixed
The document is not ready,Документы,en
There is a problem with medical tests,Иностранные студенты,en
I cannot pay my tuition fee,Финансы,en
teacher not checking homework,Преподаватели,en
расписание shows wrong classroom,Расписание,mixed
Оценка отсутствует в системе. Уже несколько дне нне могу решить проблему.,Экзамены,ru
"Please help, I did not receive credit for the exam. I have been trying to solva this for several days.",Экзамены,en
"Помогите, Не могу зарегистрироваться на семестр. Помогите пожалуйста.",Регистрация,ru
Не пришла квитанция об оплате,Финансы,ru
У меня проблема: Документ не готов. Помогите пожалуйста.,Документы,ru
There is a problem with university documents,Документы,en
"Could you please help me, Err0r whila requesting a document",Документы,en
The class was moved without notification,Расписание,en
Документ не готов,Документы,ru
Не открывается расписание в личном кабинете,IT-проблемы,ru
uni website is down. I do not know what to do.,IT-проблемы,en
My insurance is not displayed in the system,Иностранные студенты,en
В расписании нет моей группы,Расписание,ru
I have a problem: I want to complain about a teacher. This is very important.,Преподаватели,en
"Здравствуйте, не могу download книгу. Помогите пожалуйста.",Библиотека,mixed
У меня проблема: Неправильно стоит оценка за тест. Уже несколько дней не могу решить проблему.,Экзамены,ru
"Подскажите пожалуйста, Ошибка в расписании. Это очень важно.",Расписание,ru
"Здравствуйте, ашебка при регистрации миграционных документов. Уже несколька дней не могу решить проблему.",Иностранные студенты,ru
"Помогите, нужна help with dormitory. Помогите пожалуйста.",Иностранные студенты,mixed
расписание shows wrong classroom,Расписание,mixed
"Good afternoon, wrong exam grade. I do not know what to do.",Экзамены,en
I have a pr0blem: document request not pr0cessad. Please help me.,Документы,en
There is a problem with exam results,Экзамены,en
"C0uld you please help me, academic certeficate is missing. I need urgent help.",Документы,en
my grades are missing. Please help me.,Экзамены,en
Не могу оплатить семестр,Финансы,ru
Ошибка в расписании,Расписание,ru
login problem in university system. Please help me.,IT-проблемы,en
"Помогите, не дает enroll в предмет. Уже несколько дней не могу решить проблему.",Регистрация,mixed
Не могу отправить задание через платформу,IT-проблемы,ru
"Помогите, Ошибка при просмотре оценок. Это очень важно.",Экзамены,ru
"Добрый день, Система отклоняет оплату. Помогите пожалуйста.",Финансы,ru
"Здравствуйте, Ошибка при входе в электронную библиотеку. Срочно нужна помощь.",Библиотека,ru
I have a problem: I have a problem with a teacher,Преподаватели,en
"Здравствуйте, payment прошел но квитанции нет. Помогите пожалуйста.",Финансы,mixed
не дает выбрать курс,Регистрация,ru
I cannot submit my assignment through the platform,IT-проблемы,en
Не приходит код подтверждения,IT-проблемы,ru
The study material is blocked,Библиотека,en
"Could you please help me, I cannot complete the medical checkup",Иностранные студенты,en
There is a problem with medical tests,Иностранные студенты,en
There is a problem with dormitory check-in,Иностранные студенты,en
"Здравствуйте, аплата не проходит. Уже несколько дней не могу решить проблему.",Финансы,ru
"Добрый день, Личный кабинет работает слишком медленно. Уже несколько дней не могу решить проблему.",IT-проблемы,ru
У меня проблема: Преподаватель грубо отвечает. Срочно нужна помощь.,Преподаватели,ru
не могу contact преподавателя,Преподаватели,mixed
I want to complain about a teacher,Преподаватели,en
прпод не отвечает in chat,Преподаватели,mixed
личный кабнет не работает,IT-проблемы,ru
"Good afternoon, The book is not available. Please help me.",Библиотека,en
There is a problem with document processing,Документы,en
I need housing as an international student,Иностранные студенты,en
Жалоба на преподавателя,Преподаватели,ru
"Good afternoon, I cannot see my class",Расписание,en
I have a problem: The study material is blocked. I do not know what to do.,Библиотека,en
"Good afternoon, I cannot see my class. Please help me.",Расписание,en
препод игнорит,Преподаватели,ru
"Подскажите пожалуйста, не могу скачать методичку. Это очень важно.",Библиотека,ru
"Добрый день, Проблема с преподавателем. Это очень важно.",Преподаватели,ru
"Hello, professor ignores messages. I need urgent help.",Преподаватели,en
"Подскажите пожалуйста, teacher игнорит сообщения. Это очень важно.",Преподаватели,mixed
не дает enroll в предмет,Регистрация,mixed
Ошибка при входе в электронную библиотеку,Библиотека,ru
"Добрый день, ннет доступа к документам. Помогите пожалуйстта.",Документы,ru
"Здравствуйте, Несправедливая оценка. Срочно нужна помощь.",Преподаватели,ru
не вижу schedule на сегодня,Расписание,mixed
"Здравствуйте, Ошибка поиска книги",Библиотека,ru
The payment was charged twice,Финансы,en
"Добрый день, Возникла ошибка регистрации",Регистрация,ru
"Не отображается допуск к экзамену. Я не знаю, что делать.",Экзамены,ru
The test grade is incorrect,Экзамены,en
"Подскожите пожалуйста, Преподаватель отменил занятие. Это очень важно.",Преподаватели,ru
"Добрый день, нужен документ для визы. Уже несколько дней не могу решить проблему.",Документы,ru
Не могу оплатить обучение,Финансы,ru
Не работает электронная библиотека,Библиотека,ru
"Подскажите пожалуйста, Документ не готов. Уже несколько дней не могу решить проблему.",Документы,ru
"Hello, I cannot find the classroom. Please help me.",Расписание,en
Экзаменационные данные недоступны,Экзамены,ru
"Материал заблокирован Я не знаю, что делать.",Библиотека,ru
I have a problem: The library system is not responding. This is very important.,Библиотека,en
The course is not available for registration,Регистрация,en
Ошибка при регистрации на предмет,Регистрация,ru
Нужна акадмическая справка,Документы,ru
I have a problem: The enrollment certificate is not loading. This is very important.,Документы,en
There is a conflict with a teacher,Преподаватели,en
The tuition invoice is displayed incorrectly,Финансы,en
электронная library лагает,Библиотека,mixed
У меня проблема: квитанция не появилась,Финансы,ru
"Hello, The teacher did not upload the materials. I have been trying to solve this for several days.",Преподаватели,en
У меня проблема: Система не позволяет зарегистрироваться. Уже несколько дней не могу решить проблему.,Регистрация,ru
"Подскажите пожалуйста, grade неправильный. Я не знаю, что делать.",Экзамены,mixed
lacturer canceled the class,Преподаватели,en
"Подскажите пожалуйста, Не могу оплатить обучение. Помогите пожалуйста.",Финансы,ru
Материал заблокирован,Библиотека,ru
не могу pay tuition,Финансы,mixed
"Hello, The teacher does not check assignments. I need urgent help.",Преподаватели,en
Пара исчезла из расписания,Расписание,ru
I need help with accommodation,Иностранные студенты,en
library account не работает,Библиотека,mixed
У меня проблема: Экзаменационные данные недоступны. Помогите пожалуйста.,Экзамены,ru
"Подскажите пожалуйста, Не могу оплатить семестр. Я не знаю, что делать.",Финансы,ru
"Hello, The system rejects the payment",Финансы,en
"Could you please help me, I have a problem renewing a book. I need urgent help.",Библиотека,en
"Помогите, Не могу посмотреть результаты. Уже несколько дней не могу решить проблему.",Экзамены,ru
The payment receipt did not arrive,Финансы,en
Проблема с платежом. Уже несколько дней не могу решить проблему.,Финансы,ru
class time неверное,Расписание,mixed
Расписание отображается неправильна. Срочно нужна памощь.,Расписание,ru
dormitory confirmation is messing,Иностранные студенты,en
I have a problem: The class is shown on the wrong day. This is very importent.,Расписание,en
digital library is lagging,Библиотека,en
Не открывается запись на экзамен,Регистрация,ru
Проблема с оформлением документов,Документы,ru
document raquest not processed,Документы,en
"Could you please help me, I cannot download study materials. Please help me.",Библиотека,en
кабинет не грузится,IT-проблемы,ru
Документ формлен с ошибкой,Документы,ru
"Помогите, registration на экзомин ни работает. Помогете пожалуйста.",Регистрация,mixed
Ошибка при входе в электронную библиотеку,Библиотека,ru
Конфликт с преподавателем,Преподаватели,ru
"Good afternoon, The payment does not go through",Финансы,en
The test grade is incorrect,Экзамены,en
dorm payment issue,Финансы,en
"Could you please help me, The lecturer did not come to class. I have been trying to solve this for several days.",Преподаватели,en
"Good afternoon, Error while logging into the digital library. This is very important.",Библиотека,en
I cannot see my class,Расписание,en
Не получается завершить регистрацию,Регистрация,ru
The tuition invoice is displayed incorrectly,Финансы,en
"Could you please help me, The library website does not let me download the file. This is very important.",Библиотека,en
У меня проблема: нет инфы на английском. Это очень важно.,Иностранные студенты,ru
У меня проблема: Лектор не пришел на занятие. Уже несколько дней не могу решить проблему.,Преподаватели,ru
"Здравствуйте, Сайт университета лагает. Уже несколько дней не могу решить проблему.",IT-проблемы,ru
I cannot open the electronic textbook,Библиотека,en
The library system is not responding,Библиотека,en
"Please help, The list of books is not displayed",Библиотека,en
I cannot see my class,Расписание,en
I do not know where to pass the medical examination,Иностранные студенты,en
"Could you please help me, The list of books iz not displayed. I need urgent help.",Библиотека,en
"Could y0u please help me, The system does not allow me to register",Регистрация,en
"Помогити, уневер сайт лагает. Уже несколько дней не могу решитть проблему.",IT-проблемы,ru
I cannot extend the book loan period,Библиотека,en
"Подскажите пожалуйста, не могу download книгу. Помогитте пожалуйста.",Библиотека,mixed
"Добрый день, Не могу получить доступ к библиотеке",Библиотека,ru
I canot complete my residence registration,Иностранные студенты,en
У меня проблема: Система отклоняет оплату,Финансы,ru
The system does not accept my application. This is very important.,Документы,en
Курс недоступен для регистрации. Это очень важно.,Регистрация,ru
"Please help, The list of books is not displayed. I do not know what to do.",Библиотека,en
не могу login в личный кабинет,IT-проблемы,mixed
A registration error occurred. I do not know what to do.,Регистрация,en
The document status is not displayed,Документы,en
"Добрый день, Не отображается статус документа",Документы,ru
"У меня проблема: Деньги списаны, но платеж не подтвержден. Срочно нужна помощь.",Финансы,ru
"Добрый день, Нужна академичиская справка. Уже несколько дней не могу решить проблему.",Документы,ru
"Could you please help me, I cannot get a certificate. I do not know what to do.",Документы,en
раписанние кривое,Расписание,ru
"Please help, I have a problem with my visa. This is very importent.",Иностранные студенты,en
Нужна помощь с паспортам,Иностранные студенты,ru
grade неправильный,Экзамены,mixed
The lecturer did not coma to class,Преподаватели,en
The teacher did not upload the materials,Преподаватели,en
"Подскажите пожалуйста, не могу download книгу. Срочно нужна помощь.",Библиотека,mixed
"Good afternoon, The system does not accept my file. I have been trying t0 solve this for several days.",IT-проблемы,en
I have a problem: I cannot get medical insurance. I have been trying to solve this for several days.,Иностранные студенты,en
не могу download книгу,Библиотека,mixed
Проблема с платежом,Финансы,ru
не могу оплатить общагу,Финансы,ru
не могу download справку,Документы,mixed
passport данные неправильные,Иностранные студенты,mixed
сайт тупит,IT-проблемы,ru
сайт универа keeps crashing,IT-проблемы,mixed
registration на экзамен не работает,Регистрация,mixed
I have a problem: profassor ignores messages. I do not know what to do.,Преподаватели,en
Отсутствует информация о паре,Расписание,ru
There is an error in my grades. I need urgent help.,Экзамены,en
class time неверное,Расписание,mixed
"Добрый день, Отдел иностранных студентов не отвечает. Помогите пожалуйста.",Иностранные студенты,ru
У меня проблема: Платеж прошел два раза. Помогите пожалуйста.,Финансы,ru
Не знаю как продлить регистрацию,Иностранные студенты,ru
"Подскажите пожалуйста, Портал университета зависает. Помогите пожалуйста.",IT-проблемы,ru
Не знаю как продлить регистрацию,Иностранные студенты,ru
I cannot see my class,Расписание,en
"Подскажите пожалуйста, Не отображается допус к экзамену. Срочна нужна помащь.",Экзамены,ru
I have a problem: The teacher is ignoring my messages. e need urgent help.,Преподаватели,en
"Good afternoon, Information about the class is missing. Please help me.",Расписание,en
"Подскажите пожалуйста, портал умер. Срочно нужна помощь.",IT-проблемы,ru
registration на экзамен не работает,Регистрация,mixed
The pass result is missing,Экзамены,en
Система выбрасывает меня из аккаунта,IT-проблемы,ru
"Please help, I cannot pay for the semester",Финансы,en
"Помогите, Документ не готов. Срочно нужна помощь.",Документы,ru
"Could you please help me, I cannot get a place in the dormitory",Иностранные студенты,en
I have a problem with a teacher,Преподаватели,en
не вижу schedule на сегодня,Расписание,mixed
There is a problem with dormitory for international students,Иностранные студенты,en
The university website does not open,IT-проблемы,en
"Good afternoon, The registration was canceled automatically. This is very important.",Регистрация,en
"Good afternoon, The payment was charged twice. I need urgent help.",Финансы,en
электронка библиотеки лагает,Библиотека,ru
There is an arror in my grades,Экзамены,en
Не могу продлить визу,Иностранные студенты,ru
"У меня проблема: Пара стоит в неправильный день. Я не знаю, что делать.",Расписание,ru
"Помогите, Результаты появились с ошибкой. Уже несколько дней не могу решить проблему.",Экзамены,ru
The payment receipt did not arrive,Финансы,en
Ошибко в расписании,Расписание,ru
can't open my account,IT-проблемы,en
The class was moved without notification,Расписание,en
There is a problem with my library account,Библиотека,en
Не могу выбрать дисциплину. Уже несколько дней не могу решить проблему.,Регистрация,ru
Документ оформлен с ошибкой,Документы,ru
"Добрый день, расписание shows wrong classroom. Уже несколько дней не могу решить проблему.",Расписание,mixed
academic certificate is missing,Документы,en
"Помогите, Лектор не пришел на занятие. Это очень важно.",Преподаватели,ru
"Здравствуйте, Система не принимает заявление. Это очень важно.",Документы,ru
I have a problem: The system does not allow me to choose a group. I need urgent help.,Регистрация,en
"Hello, The test grade is incorrect. Please help me.",Экзамены,en
schedule is wrong. I need urgent help.,Расписание,en
"C0uld yo please help me, I do not have access t0 study materials",Библиотека,en
The document contains an error,Документы,en
Ошибка поиска книги,Библиотека,ru
Не отображаются результаты экзаменна,Экзамены,ru
У меня проблема: Ошибка в оценках,Экзамены,ru
"Подскажите пожалуйста, payment прошел но квитанции нет. Помогите пожалуйста.",Финансы,mixed
The student portal is not working,IT-проблемы,en
У меня проблема: Не знаю как продлить регистрацию. Срочно нужна помощь.,Иностранные студенты,ru
"Could you please help me, There is a problem with exam results. I do not know what to do.",Экзамены,en
document status не обновляется,Документы,mixed
личный кабнет не работает. Уже несколько дней не могу решить проблему.,IT-проблемы,ru
"Good afternoon, There is a problem with the online schedule. I do not know what to do.",Расписание,en
Ошибка при входе в электронную библиотеку,Библиотека,ru
"Please help, uni website is down. I do not know what to do.",IT-проблемы,en
"Добрый день, Проблема при выборе учебной программы. Уже несколько дней не могу решить проблему.",Регистрация,ru
Не отображается список книг,Библиотека,ru
У меня проблема: Не могу получить обратную связь,Преподаватели,ru
grade неправильный,Экзамены,mixed
"Здравствуйте, училка не проверила работу. Уже несколько дней ни могу решить проблему.",Преподаватели,ru
I cannot log in to my student account,IT-проблемы,en
не могу upload файл на платформу,IT-проблемы,mixed
У меня проблема: не могу download справку. Срочно нужна помощь.,Документы,mixed
Отсутствует информация о паре,Расписание,ru
can't open my account,IT-проблемы,en
"Please help, There is no information in English. I need urgent help.",Иностранные студенты,en
I do not know how to extend my registration. I have been trying to solve this for several days.,Иностранные студенты,en
schedule is rong,Расписание,en
I have a problem: The class time has changed,Расписание,en
"Good afternoon, I need an academic certificate. This is very important.",Документы,en
"Конфликт в расписании занятий. Я не знаю, что делать.",Расписание,ru
Ошибка поиска книги,Библиотека,ru
Изменилось время занятий,Расписание,ru
I cannot register for a course,Регистрация,en
digital library is lagging. I have been trying to solve this for several days.,Библиотека,en
can't enroll in course. This is very important.,Регистрация,en
"деньги charged but статус unpaid. Я не знаю, что делать.",Финансы,mixed
В расписании нет моей группы,Расписание,ru
"Подскажите пожалуйста, Не принимают иностранные документы",Иностранные студенты,ru
Проблема при выборе учебной программы,Регистрация,ru
My student portal is frozen,IT-проблемы,en
"Подскажите пожалуйста, Оценка отсутствует в системе. Я не знаю, что делать.",Экзамены,ru
"Hello, I have a problem accessing the university portal",IT-проблемы,en
course registration failed,Регистрация,en
grade неправильный,Экзамены,mixed
зачет missing in system,Экзамены,mixed
The system rejects the payment,Финансы,en
"Подскажите пожалуйста, Сайт университета лагает. Помогите пожалуйсто.",IT-проблемы,ru
I cann0t reset my password,IT-проблемы,en
нет иннфы на английском,Иностранные студенты,ru
"Hello, I have a problem with my visa. Please help me.",Иностранные студенты,en
"Помогити, не могу логиниться. Уже несколько дней не могу решить проблему.",IT-проблемы,ru
Неправильно стоит оценка за тест,Экзамены,ru
The study material is blocked,Библиотека,en
Проблема с платежом. Это очень важно.,Финансы,ru
document request not processed,Документы,en
"Please help, I cannot see my class. This is very important.",Расписание,en
Не могу получить доступ к библиотеке. Уже несколько дней не могу решить проблему.,Библиотека,ru
My student portal is frozen,IT-проблемы,en
"Подскажите пожалуйста, ннужен документ для визы. Уже несколько дней не могу решеть проблему.",Документы,ru
Проблема с бщежитием для иностранного студинтта,Иностранные студенты,ru
"Good afternoon, The taacher is ignoring my messages",Преподаватели,en
The results appeared with an error,Экзамены,en
"Could you please help me, Error while requesting a document. Please help me.",Документы,en
сайт универа keeps crashing,IT-проблемы,mixed
"Could you please help me, The portal is not responding",IT-проблемы,en
Exam data is not available,Экзамены,en
The online platform keeps freezing,IT-проблемы,en
"Hello, I cannot register for the semester. I do not know what to do.",Регистрация,en
Не загружается электронная платформа,IT-проблемы,ru
The teacher replies rudely,Преподаватели,en
Не открывается запись нно экзамен. Помогите пожалуйста.,Регистрация,ru
Не могу оформеть временную регистрацию,Иностранные студенты,ru
I have a problem: I cannot download the document. I do not know what to do.,Документы,en
"Добрый день, Не загружается электронная платформа. Срочно нужна помощь.",IT-проблемы,ru
"Подскажите пожалуйста, Проблема с переводом документов. Срочно нужна помощь.",Иностранные студенты,ru
I have a problem: I disagree with the teacher's grade. I need urgent help.,Преподаватели,en
"Please help, I cannot register for a course. This is very important.",Регистрация,en
Error while requesting a document,Документы,en
"Подскажите пожалуйста, расписание shows wrong classroom. Это очень важно.",Расписание,mixed
Преподаватель поставил неправильную ценку,Преподаватели,ru
Не открывается расписанее в личном кабинете,IT-проблемы,ru
Возникла ошибка регистрации,Регистрация,ru
"Помогите, Ошибка при входе в электронную библиотеку",Библиотека,ru
grade неправильный,Экзамены,mixed
Преподаватель поставил неправильную оценку. Срочно нужна помощь.,Преподаватели,ru
I cannot submit my assignment through the platform,IT-проблемы,en
"Деньги списаны, но платеж не подтвержден. Срочно нужна помощь.",Финансы,ru
препод ни отвечоет,Преподаватели,ru
"Hello, I need to apply for temporary residence permit",Иностранные студенты,en
Проблема с оформлением документов,Документы,ru
The payment is stuck in the system,Финансы,en
сайт тупит,IT-проблемы,ru
"Подскажите пожалуйста, Ошибка поиска книги. Уже несколько дней не могу решить проблему.",Библиотека,ru
"Добрый день, Пара исчезла из расписания. Срочно нужна помощь.",Расписание,ru
не могу оплатить общагу,Финансы,ru
"Здравствуйте, ннет инфы на английском. Помогите пожалуйста.",Иностранные студенты,ru
Ошибка в оценках. Помогите пожалуйста.,Экзамены,ru
Проблема с унивирситетскими документами,Документы,ru
"Здравствуйте, Сйт университтета не открывается. Помогитте пожалуйста.",IT-проблемы,ru
"Помогите, расписаие кривое. Срочно нужна помощь.",Расписание,ru
The grade is missing in the system,Экзамены,en
There is a problem with exam results,Экзамены,en
document status не обновляется,Документы,mixed
"Здравствуйте, Не загружается электронная платформа. Помогите пожалуйста.",IT-проблемы,ru
"Could you please help me, The class was moved without notification. I need urgent help.",Расписание,en
"Подскажите пожалуйста, не дает выбрать курс. Срочно нужна помощь.",Регистрация,ru
"Здравствуйте, Не могу получить квитанцию. Срочно нужна помощь.",Финансы,ru
"Hello, There is a conflict in the class schedule",Расписание,en
"Could you please help me, I have a problem accessing the university portal. I do not know what to do.",IT-проблемы,en
My student portal is frozen,IT-проблемы,en
"Здравствуйте, grade неправильный. Помогите пожалуйста.",Экзамены,mixed
wrong exam grade,Экзамены,en
I cannot open the exam sheet,Экзамены,en
"Hello, I cannot reset my password. I need urgent help.",IT-проблемы,en
My document request is stuck in the system,Документы,en
I have a problem: Error while requesting a document. Please help me.,Документы,en
The class was moved without notification,Расписание,en
препод не отвечает in chat,Преподаватели,mixed
"Подскажите пожалуйста, общага для иностранцев не подтверждена. Уже несколько дней не могу решить проблему.",Иностранные студенты,ru
I have a problem: The teacher gave me the wrong grade. Please help me.,Преподаватели,en
uni website is down,IT-проблемы,en
нне могу палучить обратную связь,Преподаватели,ru
The class time has changed,Расписание,en
Не могу открыть электронный учебник,Библиотека,ru
Tha test grade is incorrect,Экзамены,en
I cannot register for the semester,Регистрация,en
"Ошибка в расписании. Я не знаю, что делать.",Расписание,ru
There is a problem with my library account,Библиотека,en
"Good afternoon, portal keeps crashing",IT-проблемы,en
"Could you please help me, The university website is lagging",IT-проблемы,en
"Подскажите пожалуйста, Пара исчезла из расписания",Расписание,ru
There is a conflict in the class schedule,Расписание,en
"Здравствуйте, Деньги списаны, но платеж не подтвержден. Срочно нужна помощь.",Финансы,ru
Нет доступа к документам,Документы,ru
"Добрый деннь, Расписание отображается неправильно. Помогите пожалуйста.",Расписание,ru
"Hello, The grade is incorrect. I need urgent help.",Экзамены,en
There is a problem with document processing,Документы,en
Материал заблокирован,Библиотека,ru
Проблема с библиотечным аккаунтом,Библиотека,ru
Не могу оплатить обучение,Финансы,ru
My document request is stuck in the system,Документы,en
нужен certificate для визы. Это очень важно.,Документы,mixed
I have a problem: The lecturer did not come to class. I have been trying to solve this for several days.,Преподаватели,en
"Подскажите пожалуйста, Не совпадает расписание в системе. Это очень важно.",Расписание,ru
Не работает электронная библиотека,Библиотека,ru
The class disappeared from the schedule,Расписание,en
Результаты появились с ошибкой,Экзамены,ru
"У меня проблема: Не получается завершить регистрацию. Я не знаю, что делать.",Регистрация,ru
"Помогите, class time неверное. Уже несколько дней не могу решить проблему.",Расписание,mixed
"Помогите, Регистрация была отменена автоматически. Срочно нужна помощь.",Регистрация,ru
digital library is lagging,Библиотека,en
не дает enroll в предмет,Регистрация,mixed
"Добрый день, Неверно указано время занятия. Это очень важно.",Расписание,ru
Не могу открыть экзаменационный лист,Экзамены,ru
There is a conflict in the class schedule,Расписание,en
The payment was charged twice,Финансы,en
I have a problem with a teacher,Преподаватели,en
I have a problem: teacher not checking homework. I need urgent help.,Преподаватели,en
"Hello, professor ignores messages. Please help me.",Преподаватели,en
Ошибка при оплате чирез портл,Финансы,ru
"Could you please help me, Error while logging into the digital library. I do not know what to do.",Библиотека,en
dorm payment issue,Финансы,en
"Подскажите пожалуйста, Конфликт с преподавателем. Уже несколько дней не могу решить проблему.",Преподаватели,ru
Не удается скачать учебный материал,Библиотека,ru
my grades are missing,Экзамены,en
"Добрый день, registration на экзамен не работает. Это очень важно.",Регистрация,mixed
I cannot log in to my student account,IT-проблемы,en
"Помогите, Неправильно стоит оценка за тест. Помогите пожалуйста.",Экзамены,ru
"Помогити, Докуминт н готов. Это очень важно.",Документы,ru
У меня проблема: не вижу пару. Срочно нужна помощь.,Расписание,ru
Неверно указано время занятия,Расписание,ru
My insurance is not displayed in the system. I do not know what to do.,Иностранные студенты,en
"Здравствуйте, Не могу связаться с преподавателем. Срочно нужна помощь.",Преподаватели,ru
"Помогите, расписание shows wrong classroom. Помогите пожалуйста.",Расписание,mixed
Exam data is not available,Экзамены,en
электронка библиотеки лагает,Библиотека,ru
Сайт университета не открывается,IT-проблемы,ru
"Could you please help me, There is a problem with my migration card. Please help me.",Иностранные студенты,en
There is not enough information for international studnts,Иностранные студенты,en
не могу скачать методичку,Библиотека,ru
I cannot find the classroom,Расписание,en
"Подскажите пожалуйста, Не приходит код подтверждения. Я не знаю, что делать.",IT-проблемы,ru
"Помогите, Ошебка при входе в электронную библеотеку",Библиотека,ru
"Good afternoon, I cannot get a plece in the dormitory. I have been trying to solve this for several days.",Иностранные студенты,en
"Помогите, квитанция не появилась. Уже несколько дней не могу решить проблему.",Финансы,ru
Ошибка сервера при открытии страницы,IT-проблемы,ru
"Подскажите пожалуйста, Не могу получить обратную связь. Срачно нужна помощь.",Преподаватели,ru
Не отображается список книг,Библиотека,ru
"У меня проблема: Проблема с продлением книги. Я не знаю, что делать.",Библиотека,ru
"Good afternoon, I cannot download study materials. Please help me.",Библиотека,en
I cannot download study materials,Библиотека,en
"Pleese help, The tuition invoice is displayed incorrectly. I do not know what to do.",Финансы,en
Сайт университета не открывается,IT-проблемы,ru
У меня проблема: Ошибка при оформлении визы,Иностранные студенты,ru
"Could you please help me, I cannot open the electronic textbook",Библиотека,en
"Please help, I do not know what documents are needed for visa",Иностранные студенты,en
student account not loading,IT-проблемы,en
Транскрипт не готтов,Документы,ru
The class time is incorrect. I have been trying to solve this for several days.,Расписание,en
book file does not open,Библиотека,en
"Помогите, Не отображается расписание. Срочно нужна помощь.",Расписание,ru
"Hello, My foreign documents are not accepted. I have been trying to solve this for several days.",Иностранные студенты,en
Error while searching for a book,Библиотека,en
I have a problem: There is a problem with the payment. I need urgent help.,Финансы,en
Не могу оформить медицинскую страховку,Иностранные студенты,ru
не могу оплатить общагу,Финансы,ru
My transcript is not ready,Документы,en
"Hello, The payment does not go through",Финансы,en
document status не обновляется,Документы,mixed
Ошибка сервера при открытии страницы,IT-проблемы,ru
Документ не готов,Документы,ru
нужен certificate для визы,Документы,mixed
"Hello, I cannot submit my assignment through the platform. This is very important.",IT-проблемы,en
"Помогите, не могу contact преподавателя",Преподаватели,mixed
"Good afternoon, There is a problem with residence permit. This is very important.",Иностранные студенты,en
Не могу оформить временную регистрацию. Это очень важно.,Иностранные студенты,ru
не вижу schedule на сегодня,Расписание,mixed
The system rejects the payment. I do not know what o do.,Финансы,en
There is a problem with the online schedule,Расписание,en
Пара исчезла из расписания,Расписание,ru
Не могу связаться с преподавателем,Преподаватели,ru
The system does not allow me to choose a group,Регистрация,en
У меня проблема: Проблема с экзаменационными результатами. Уже несколько дней не могу решить проблему.,Экзамены,ru
Нет доступа к информации об экзамене,Экзамены,ru
portal keeps crashing,IT-проблемы,en
"Hello, Error while applying for a visa. I need urgent help.",Иностранные студенты,en
I have a problem: The classroom is incorrect. I need urgent help.,Расписание,en
Не могу записаться на предмет,Регистрация,ru
Оплата зависла в системе,Финансы,ru
I cannot get a certificate,Документы,en
There is not enough information for international students,Иностранные студенты,en
Оплата зависла в системе,Финансы,ru
"Hello, I cannot get a certificate",Документы,en
Нет информации на английском языке,Иностранные студенты,ru
"Good afternoon, I want to complain about a teacher",Преподаватели,en
I have a problem with my visa,Иностранные студенты,en
Не могу выбрать дисциплину,Регистрация,ru
"У меня проблема: library account не работает. Я не знаю, что делать.",Библиотека,mixed
I cannot pay for the semester,Финансы,en
Экзаменационные данные недоступны. Уже несколько дней не могу решить проблему.,Экзамены,ru
The schedule is displayed incorrectly,Расписание,en
There is a problem choosing the study program,Регистрация,en
Танскрипт не готов,Документы,ru
деньги charged but статус unpaid,Финансы,mixed
"Здравствуйте, Не могу получить место в общежитии. Уже несколько дней не могу решить проблему.",Иностранные студенты,ru
"Please help, visa extension problem. I have been trying to s0lva this for several days.",Иностранные студенты,en
Login error in my account,IT-проблемы,en
У меня проблема: Оценка отсутствует в системе,Экзамены,ru
The teacher does not check assignments,Преподаватели,en
не вижу schedule на сегодня,Расписание,mixed
Не удается скачать учебный материал,Библиотека,ru
The teacher did not upload the materials,Преподаватели,en
The system does not accept my application,Документы,en
"Здравствуйте, В расписании нет моей группы. Это очень важно.",Расписание,ru
"У меня проблема: Не работает личный кабинет. Я не знаю, что делать.",IT-проблемы,ru
There is a problem choosing the study program,Регистрация,en
Ошибка поиска книги. Срочно нужна помощь.,Библиотека,ru
There is a conflict in the class schedule,Расписание,en
ошибка регестрации,Регистрация,ru
"Здравствуйте, электронка библиотеки лагает. Срочно нужна помощь.",Библиотека,ru
"Hello, digital library is lagging. I need urgent help.",Библиотека,en
Ошибка оплаты,Финансы,ru
Заявление зависла в системе,Документы,ru
"Подскажите пожалуйста, Ошибка при запросе документа. Срочно нужна помощь.",Документы,ru
не дает выбрать курс,Регистрация,ru
Ошибка при регистрации на предмет,Регистрация,ru
"Подскажите пажалуйста, Не отоброжается статус документа. Я не знаю, что делать.",Документы,ru
"Please help, The grade is encorrect. I need urgent help.",Экзамены,en
"Please help, The library website does not let me download the file. Please help me.",Библиотека,en
"Здравствуйте, не могу получить insurance. Помогите пожалуйста.",Иностранные студенты,mixed
"Подскажите пожалуйста, деканат не обновил документ. Я не знаю, что делать.",Документы,ru
не могу download книгу,Библиотека,mixed
"Please help, I cannot see my class. This is very important.",Расписание,en
Не могу получить справку. Помогите пожалуйста.,Документы,ru
"Hello, Error while requesting a document. I do not know what to do.",Документы,en
tuition payment problem,Финансы,en
"Hello, professor ignores messages. I do not know what to do.",Преподаватели,en
Не могу получить место в общежитии. Это очень важно.,Иностранные студенты,ru
книга не открывоется,Библиотека,ru
"Подскажите пожалуйста, Не могу зарегистрироваться на курс. Уже несколько дней не могу решить проблему.",Регистрация,ru
"Подскажите пожалуйста, Регистрация была отменена автоматически. Помогите пожалуйста.",Регистрация,ru
Не приходитт код подтверждения,IT-проблемы,ru
Паспортные данные указаны неверно,Иностранные студенты,ru
"Добрый день, Ошибка при входе в электронную библиотеку. Уже несколько дней не могу решить проблему.",Библиотека,ru
Конфликт с преподавателем,Преподаватели,ru
"Good afternoon, medical tests were rejected. This is very important.",Иностранные студенты,en
The document status is not isplayed,Документы,en
Система не принимает заявление,Документы,ru
My transcript is not ready,Документы,en
I cannot open the exam sheet,Экзамены,en
Не согласен с оценкой преподавателя,Преподаватели,ru
"Здравствуйте, Книга недоступна. Я не знаю, что делать.",Библиотека,ru
Система выдает ошибку при авторизации,IT-проблемы,ru
I cannot get a certificate,Документы,en
The schedule in the system does not match,Расписание,en
I have a problem: There is a problem with my migration card. Please help me.,Иностранные студенты,en
Не могу получить обратную связь. Это очень важно.,Преподаватели,ru
У меня проблема: Не могу открыть электронный учебник. Помогите пожалуйста.,Библиотека,ru
"Добрый день, не магу оплатеть общагу. Помогите пожалуйста.",Финансы,ru
Не работает эликтронная библиотека,Библиотека,ru
Не могу зарегисттрироватья на курс,Регистрация,ru
Не отображается расписание,Расписание,ru
Проблема с оформлением документов,Документы,ru
"Здравствуйте, расписание кривое. Срочно нужна помощь.",Расписание,ru
не магу скачать методичку,Библиотека,ru
academic certificate is missing. Please help me.,Документы,en
Ошика сервера пре открытии страницы,IT-проблемы,ru
"Добрый день, Расписание отображается неправильно. Я не знаю, что делать.",Расписание,ru
Проблема с университетскими документами,Документы,ru
"Подскажите пожалуйста, Проблема с продлением книги. Я не знаю, что делать.",Библиотека,ru
"Помогите, Платеж прошел два раза. Это очень важно.",Финансы,ru
Система не дает выбрать группу,Регистрация,ru
"Подскажите пожалуйста, мед анализы не приняли. Уже несколько дней не могу решить проблему.",Иностранные студенты,ru
The payment does not go through,Финансы,en
"Здравствуйте, grade неправильный. Это очень важно.",Экзамены,mixed
"Подскажите пожалуйста, Ошибка при регистрации миграционных документов. Помогите пожалуйста.",Иностранные студенты,ru
электронка библиотеки лагаетт. Помогите пожалуйста.,Библиотека,ru
I have a problem: Error while registering for a subject. I have been trying to solve this for several days.,Регистрация,en
"Подскажите пожалуйста, registration для foreign student не готова. Я не знаю, что делать.",Иностранные студенты,mixed
"Подскажите пожалуйста, Библиотечная система не отвечает. Уже несколько дней не могу решить проблему.",Библиотека,ru
"Hello, The university website is lagging. I have been trying to solve this for several days.",IT-проблемы,en
"Good afternoon, The system does not allow me to register. I have been trying to solve this for several days.",Регистрация,en
кабинет не грузится,IT-проблемы,ru
"Добрый день, Миграционный учет не готов. Я не знаю, что делать.",Иностранные студенты,ru
The test grade is incorrect,Экзамены,en
The study material is blocked,Библиотека,en
"Занятие перенесено без уведомления. Я не знаю, что делать.",Расписание,ru
Проблима с ВНЖ,Иностранные студенты,ru
I cannot find the classroom,Расписание,en
There is a problem with my migration card,Иностранные студенты,en
I cann0t choosa a discipline,Регистрация,en
Error while registering for a subject. I need urgent help.,Регистрация,en
"Деньги списаны, но платеж не подтвержден",Финансы,ru
не дает enroll в предмет,Регистрация,mixed
"Please help, The registration was canceled automatically",Регистрация,en
"Hello, There is a problem with dormitory for international students. This is very important.",Иностранные студенты,en
I cannot download study materials,Библиотека,en
Error while requesting a document,Документы,en
"Здравствуйте, Аудитория указана неверно. Я не знаю, что делать.",Расписание,ru
Не могу войти в систему,IT-проблемы,ru
Не работает онлайн система обучения,IT-проблемы,ru
The grade is incorrect,Экзамены,en
There is a registration problem,Регистрация,en
У меня проблема: Нужно оформить РВП. Помогите пожалуйстта.,Иностранные студенты,ru
"Помогите, Проблема с оплатой общежития. Это очень важно.",Финансы,ru
Не могу получить доступ к библиотеке,Библиотека,ru
There is a conflict in the class schedule,Расписание,en
"Добрый день, Не пришла квитанция об оплате. Я не знаю, что делать.",Финансы,ru
"Good afternoon, My transcript is not ready. I have been trying to solve this for several days.",Документы,en
"Здравствуйте, не могу записаться. Я не знаю, что делать.",Регистрация,ru
Migration registration is not ready,Иностранные студенты,en
I cannot access my account,IT-проблемы,en
"Good afternoon, lecturer canceled the class",Преподаватели,en
Не удается скачать учебный материал,Библиотека,ru
"Please help, The online platform keeps freezing",IT-проблемы,en
"Добрый день, аудитория не та. Я не знаю, что делать.",Расписание,ru
"Hello, I cannot open the electronic textbook",Библиотека,en
"Hello, The test grade is incorrect. This is very important.",Экзамены,en
регистрация слетела,Регистрация,ru
Преподаватель поставил неправильную оценку,Преподаватели,ru
Не отображается список книг,Библиотека,ru
Не совпадает расписание в системе,Расписание,ru
"Good afternoon, The clasz was moved without notification. I have been trying to solve this for several days.",Расписание,en
"Добрый день, личный кабнет не работает. Уже несколько дней не могу решить проблему.",IT-проблемы,ru
I cannot register for the semester,Регистрация,en
"Здравствуйте, регистрация слетела. Помогите пожалуйста.",Регистрация,ru
Преподаватель игнорирует сообщения. Помогите пожалуйста.,Преподаватели,ru
зачет missing in system,Экзамены,mixed
У меня проблема: не могу получить insurance. Это очень важно.,Иностранные студенты,mixed
"Hello, The teacher did not upload the materials. I have been trying to solve this for several days.",Преподаватели,en
I need access to course materials,Библиотека,en
"Подскажите пожалуйста, portal не открывается. Помогите пожалуйста.",IT-проблемы,mixed
The grade is missing in the system,Экзамены,en
Проблема с университетскими документами,Документы,ru
I cannot complete the registration,Регистрация,en
"Please help, The teacher does not check assignments. I have been trying to solve this for several days.",Преподаватели,en
У мня проблема: электронка библиотеки лагает,Библиотека,ru
"Could you please help me, I cannot get medical insurance. This is very important.",Иностранные студенты,en
"Подскажите пожалуйста, не вижу оценки",Экзамены,ru
"Подскажите пожалуйста, Ошибка оплаты. Уже несколько дней не могу решить проблему.",Финансы,ru
Нет доступа к учебным материалам,Библиотека,ru
не могу забрать справку,Документы,ru
препод игнорит,Преподаватели,ru
Не могу записаться на предмет,Регистрация,ru
student account не работает,IT-проблемы,mixed
registration error. Please help me.,Регистрация,en
There is an error in the schedule,Расписание,en
portal keeps crashing,IT-проблемы,en
"Подскажите пожалуйста, Не могу зарегистрироваться на курс. Срочно нужна помощь.",Регистрация,ru
The pass result is missing,Экзамены,en
"Подскажите пожалуйста, не вижу schedule на сегодня. Помогите пожалуйста.",Расписание,mixed
My student portal is frozen,IT-проблемы,en
"Добрый день, препод не отвечает in chat. Уже несколько дней не могу решить проблему.",Преподаватели,mixed
"Помогите, портал умер. Это очень важно.",IT-проблемы,ru
I have e problem: Exam resultz are not displayed. Please help me.,Экзамены,en
my grades are missing,Экзамены,en
"Здравствуйте, Отсутствует информация о паре. Уже несколько дней не могу решить проблему.",Расписание,ru
The class disappeared from the schedule. I do not know what to do.,Расписание,en
The pass result is missing,Экзамены,en
medical tests were rejected,Иностранные студенты,en
Error while requesting a document,Документы,en
Error while viewing grades. Please help me.,Экзамены,en
"Помогите, Ошибка при оплате через портал. Я не знаю, что делать.",Финансы,ru
Не отображается регистрация на экзамен,Регистрация,ru
"Hello, Server error when opening the page",IT-проблемы,en
Не работает личный кабинет,IT-проблемы,ru
"Помогите, Конфликт в расписании занятий. Я не знаю, что делать.",Расписание,ru
не могу download книгу,Библиотека,mixed
Проблема с экзаменационными результатами. Помогите пожалуйста.,Экзамены,ru
"Good afternoon, My group is missing from the schedule. I do not know what to do.",Расписание,en
не вижу пару,Расписание,ru
Login error in my account,IT-проблемы,en
The teacher does not reply to messages,Преподаватели,en
"Please help, wrong exam grade",Экзамены,en
"Hello, I have a problem with a teacher. This is very important.",Преподаватели,en
"Good afternoon, There is a problem with exem results. I need urgent help.",Экзамены,en
Проблема с миграцинной картой,Иностранные студенты,ru
"Здравствуйте, Не отображается регистрация на экзамен. Срочно нужна помощь.",Регистрация,ru
Пара исчезла из расписания,Расписание,ru
Не могу получить студенчесий билет,Документы,ru
"Помогите, портал умер. Помогете пожалуйста.",IT-проблемы,ru
Система не позволяет зарегистрироваться,Регистрация,ru
The payment receipt did not arrive,Финансы,en
"Здравствуйте, расписание кривое. Уже несколько дней ни могу решить проблему.",Расписание,ru
"Помогите, не дает выбрать курс. Я не знаю, что делать.",Регистрация,ru
"Подскажите пожалуйста, Нет доступа к информации об экзамене. Помогите пожалуйста.",Экзамены,ru
Не отображаеттся информация об оплате,Финансы,ru
Ошибка при входе в электронную библиотеку,Библиотека,ru
Платформа не принимает файл,IT-проблемы,ru
The book is not available,Библиотека,en
"Could you please help me, The payment does not go through",Финансы,en
Не могу пройти медосмотр,Иностранные студенты,ru
"Здравствуйте, Ошибка при запросе документа. Срочно нужна помощь.",Документы,ru
"Помогите, Личный кабинет работает слишком медленно. Срочно нужна помощь.",IT-проблемы,ru
can't 0pen my account,IT-проблемы,en
I cannot choose a discipline,Регистрация,en
The classroom is incorrect,Расписание,en
"Good afternoon, The system does not accept my application",Документы,en
Книга недоступна,Библиотека,ru
I need a document for my visa,Документы,en
can't enroll in course,Регистрация,en
"Подскажите пожалуйста, Преподаватель отменил занятие. Уже несколько дней не могу решить проблему.",Преподаватели,ru
Не могу оплатить семестр,Финансы,ru
не могу записаться,Регистрация,ru
"Помогите, электронная library лагает. Срочно нужна помощь.",Библиотека,mixed
payment прошел но квитанции нет,Финансы,mixed
Преподаватель игнорирует сообщения,Преподаватели,ru
У меня поблема: Не могу зайти в кабинет. Уже несколько дней не могу решить проблему.,IT-проблемы,ru
"Good afternoon, I cannot access the library. I do not know what to do.",Библиотека,en
"Здравствуйте, Проблема с заселением в общежитие. Уже несколько дней не могу решить проблему.",Иностранные студенты,ru
"Please help, I cannot pay for the semester. This is very important.",Финансы,en
"У меня проблема: Не работает онлайн система обучения. Я не знаю, что делать.",IT-проблемы,ru
Проблема при выборе учебной программы,Регистрация,ru
"Добрый день, teacher игнорит сообщения. Я не знаю, что делать.",Преподаватели,mixed
"Помогите, Деньги списаны, но платеж не подтвержден. Помогите пожалуйста.",Финансы,ru
Жалоба на преподавателя. Срачно нужна помощь.,Преподаватели,ru
The schedule is not displayed. I do not know what to do.,Расписание,en
Не могу получить справку,Документы,ru
"Hallo, The results appeared with an error. This is very important.",Экзамены,en
Счет за обученние отображается нневерно,Финансы,ru
расписание кривое,Расписание,ru
"Подскажите пожалуйста, экзамен не отображается. Я не знаю, что делатть.",Экзамены,ru
Ошибка при оплате через портал,Финансы,ru
I have a problem with a teacher. I need urgent help.,Преподаватели,en
Преподаватель игнорирует сообщения,Преподаватели,ru
tuition payment problem,Финансы,en
"Could you please help me, The document status is not displayed. I do not know what to do.",Документы,en
Преподаватель не отвечает на сообщения,Преподаватели,ru
Login error in my account,IT-проблемы,en
"Добрый день, student account не работает",IT-проблемы,mixed
не дает выбрать курс,Регистрация,ru
Payment information is not displayed,Финансы,en
"Помогите, Нужно оформить РВП. Помогите пожалуйста.",Иностранные студенты,ru
Не открывается запись на экзамен,Регистрация,ru
"Could you please help me, The pass result is missing. I need urgent help.",Экзамены,en
Нет доступа к документам,Документы,ru
не могу register на курс,Регистрация,mixed
There is a problem paying for the dormitory,Финансы,en
У меня проблема: Портал не отвечает. Срочно нужна помощь.,IT-проблемы,ru
"Подскажите пожалуйста, Проблема с миграционной службой. Это очень важно.",Иностранные студенты,ru
Information about the class is missing,Расписание,en
"Добрый день, Проблема с медицинскими анализами. Помогите пожалуйста.",Иностранные студенты,ru
"Помогите, Проблема с доступом к университетскому порталу. Это очень важно.",IT-проблемы,ru
Платеж не проходит,Финансы,ru
"Good afternoon, wrong exam grade. This is very important.",Экзамены,en
migration card проблема,Иностранные студенты,mixed
"Please help, There is a conflict with a teacher",Преподаватели,en
"Помогите, Проблема с заселением в общежитие. Уже несколько дней не могу решить проблему.",Иностранные студенты,ru
"Good afternoon, The university website is lagging. I do not know what to do.",IT-проблемы,en
"Подскажите пожалуйста, Проблема с ВНЖ. Это очень важно.",Иностранные студенты,ru
"Could you please help me, There is not enough information for international students. I have been trying to solve this for several days.",Иностранные студенты,en
электронная library лагает,Библиотека,mixed
не вижу пару,Расписание,ru
"Добрый день, library account не работает. Уже несколько дней ни могу решить проблему.",Библиотека,mixed
У меня проблема: Не загружается электронная платформа. Уже несколько дней не могу решить проблему.,IT-проблемы,ru
"Подскажите пожалуйста, Неверно указана оценка",Экзамены,ru
"Hello, dormitory confirmation is missing. I need urgent help.",Иностранные студенты,en
"Please help, Error while registering for a subject. Please help me.",Регистрация,en
I have a problem: Error while applyeng for a visa. This is very emportent.,Иностранные студенты,en
"Good afternoon, I cannot contact the teacher. I have been trying to solve this for several days.",Преподаватели,en
professor ignores messages,Преподаватели,en
wrong classroom in schedule,Расписание,en
Жалоба на преподавателя. Помогите пожалуйста.,Преподаватели,ru
Не оттображается информация об оплате,Финансы,ru
Не отоброжается регистрация на экзамен. Это очень важно.,Регистрация,ru
Нет иннформации на английском языке,Иностранные студенты,ru
medical tests не приняли,Иностранные студенты,mixed
лектор отменил пару,Преподаватели,ru
registration на экзамен не работает,Регистрация,mixed
Нет доступа к документам,Документы,ru
"Здравствуйте, Не отображается допуск к экзамену. Срочно нужна помощь.",Экзамены,ru
"У меня проблема: Не могу открыть экзаменационный лист. Я не знаю, что делать.",Экзамены,ru
"Добрый день, library account не работает. Это очень важно.",Библиотека,mixed
"Good afternoon, Exam admission is not displayed. Please help me.",Экзамены,en
Заявлиние зависло в систиме,Документы,ru
Неправильно стоит оценка за тест,Экзамены,ru
"Good afternoon, I cannot get feedback from the teacher. I need urgent help.",Преподаватели,en
"Good afternoon, I cannot enroll in a subject. I have been trying to solve this for several days.",Регистрация,en
"Добрый день, не могу оплатить общагу. Помогите пожалуйста.",Финансы,ru
Проблема с экзаменационными результатами,Экзамены,ru
Оплата зависла в системе,Финансы,ru
Проблема с онлайн расписанием,Расписание,ru
"Could you please help me, I cannot download the document",Документы,en
I have a problem: login problem in university system. I have been trying to solve this for several days.,IT-проблемы,en
Не могу зарегистрироваться на курс,Регистрация,ru
library account не работает,Библиотека,mixed
Не могу продлить сро книги,Библиотека,ru
"Добрый день, аудитория не та. Уже несколько дней не могу решить проблему.",Расписание,ru
The schedule iz not displayed. I heve been tryeng to solve this for several days.,Расписание,en
У меня проблема: регистрация слетела. Это очень важно.,Регистрация,ru
"Good eftern0on, There is a c0nflict with a teachar",Преподаватели,en
Не знаю какие документы нужны для визы,Иностранные студенты,ru
"Подскажите пожалуйста, Не могу получить доступ к библиотеке. Уже несколько дней не могу решить проблему.",Библиотека,ru
"Good afternoon, The system does not allow me to reister. I have been trying to solve this for zeveral days.",Регистрация,en
"Добрый день, Материал заблокирован. Срочно нужна помощь.",Библиотека,ru
"Помогите, Не могу продлить срок книги. Помогите пожалуйста.",Библиотека,ru
Проблема при выборе учебной программы,Регистрация,ru
"Помогите, Ошибка при входе в аккаунт. Срочно нужна помощь.",IT-проблемы,ru
There is a registration problem,Регистрация,en
не вижу schedule на сегодня,Расписание,mixed
"Good afternoon, I cannot complete temporary registration. I do not know what to do.",Иностранные студенты,en
The grade is incorrect,Экзамены,en
"Подскажите пожалуйста, электронная library лагает. Я не знаю, что делать.",Библиотека,mixed
Не отображается допуск к экзамену,Экзамены,ru
I have a problem: I cannot get a receipt. I nead urgent help.,Финансы,en
"Помогите, Оценка отсутствует в системе. Помогите пожалуйста.",Экзамены,ru
teacher игнорит сообщения,Преподаватели,mixed
teacher игнорит сообщения,Преподаватели,mixed
"Hello, login problem in university system. This is very important.",IT-проблемы,en
"Hell0, e do not know where to pass te medical examination. e have been trying to solve thes for several days.",Иностранные студенты,en
"Подскажите пажалуйста, Не отображаются результаты экзамена. Уже несколько дней не мог решить проблему.",Экзамены,ru
I cannot choose a discipline. I have been trying to solve this for several days.,Регистрация,en
Не могу получть доступ к библиотике,Библиотека,ru
I have a problem with a teacher,Преподаватели,en
Проблема с онлайн расписанием,Расписание,ru
There is a problem paying for the dormitory,Финансы,en
"Здравствуйте, Не могу отправить задание через платформу. Уже несколько дней не могу решить проблему.",IT-проблемы,ru
Не могу зарегистрироваться на курс,Регистрация,ru
Проблема с нлайн расписанием,Расписание,ru
I have a problem: The document is not ready. I need urgent help.,Документы,en
У меня проблема: Ошибка при запросе документа. Помогите пожалуйста.,Документы,ru
Платеж не проходит,Финансы,ru
Не отображается информация об оплате,Финансы,ru
"Здравствуйте, Система не дает выбрать группу. Я не знаю, что делать.",Регистрация,ru
не могу contact преподавателя,Преподаватели,mixed
"Добрый день, Не могу продлить срок книги. Помогите пожолуйста.",Библиотека,ru
I cannot contact the teacher,Преподаватели,en
"Проблема с переводом документов. Я не знаю, что делать.",Иностранные студенты,ru
"Hello, The pass result is missing. I need urgent help.",Экзамены,en
I have a problem: The teacher did not upload the materials. I do not know what to do.,Преподаватели,en
У меня проблема: Ошибка поиска книги. Срочно нужна помощь.,Библиотека,ru
"Hello, The grade is missing in the system. This is very important.",Экзамены,en
Пара исчезла из росписания,Расписание,ru
"Подскажите пожалуйса, Ошибка сервера при открытии страницы",IT-проблемы,ru
не вижу exam results,Экзамены,mixed
"Please help, Error while registering for a subject",Регистрация,en
не могу pay tuition,Финансы,mixed
"Hello, I need help with accommodation. I need urgent help.",Иностранные студенты,en
У меня проблема: Преподаватель не отвечает на сообщения. Это очинь важно.,Преподаватели,ru
Отдел иностранных студентов не отвечает,Иностранные студенты,ru
аудитория не та,Расписание,ru
"Подскажите пожалуйста, Не работает электронная библиотека. Помогите пожалуйста.",Библиотека,ru
У меня проблема: Не могу получить доступ к библиотеке. Это очень важно.,Библиотека,ru
The payment is stuck in the system,Финансы,en
"Помогите, общага для иностранцев не подтверждена. Я не знаю, что делать.",Иностранные студенты,ru
I canot open the electronic textbook. I have been trying to solve this for several days.,Библиотека,en
"Please help, The teacher replies rudely. This is very important.",Преподаватели,en
I need an academic certificate,Документы,en
аплата не проходит,Финансы,ru
The course is not available for registration,Регистрация,en
The system does not accept my application,Документы,en
"Hello, The university website is lagging",IT-проблемы,en
"Could you please help me, The class time has changed. This is very important.",Расписание,en
Не могу зарегистрироваться на семестр,Регистрация,ru
"Подскажите пожалуйста, Проблема с продлением книги. Помогите пожалуйста.",Библиотека,ru
"У меня проблема: Не совпадает расписание в системе. Я не знаю, что делать.",Расписание,ru
"Здравствуйте, Книга недоступна. Помогите пожалуйста.",Библиотека,ru
"Could you please help me, I cannot open the exam sheet. Please help me.",Экзамены,en
Проблема с ВНЖ,Иностранные студенты,ru
"Здравствуйте, Преподаватель не отвечает на сообщения. Это очень важно.",Преподаватели,ru
"Добрый день, Ошибка оплаты. Помогите пожалуйста.",Финансы,ru
деньги charged but статус unpaid,Финансы,mixed
Экзаменационные данные недоступны,Экзамены,ru
"Добрый день, Пара исчезла из расписания. Срочно нужна помощь.",Расписание,ru
Не отображается информация об оплате,Финансы,ru
нужен certificate для визы,Документы,mixed
Не отображается регистрация на экзамен,Регистрация,ru
квитанция не появилась,Финансы,ru
не могу pay tuition,Финансы,mixed
"Could you please help me, The payment receipt did not arrive. I do not know what to do.",Финансы,en
I cannot open the exam sheet,Экзамены,en
Не могу найти аудиторию,Расписание,ru
Нет результата зачета,Экзамены,ru
зачет missing in system,Экзамены,mixed
Платеж не проходит,Финансы,ru
I cannot access my account,IT-проблемы,en
The money was charged but the payment was not confirmed. I have been trying to solva this for severel days.,Финансы,en
"Please help, I cannot view my results. I have been trying to solve this for several days.",Экзамены,en
I have a problem: The student portal is not working. This is very important.,IT-проблемы,en
Неверно указана оценка,Экзамены,ru
"Помогите, Не отображается регистрация на экзамен. Срочно нужна помощь.",Регистрация,ru
"Подскажите пожалуйста, аудитория не та",Расписание,ru
Проблема с доступом к уиверситтетскому порталу,IT-проблемы,ru
library account не работает,Библиотека,mixed
Неверно указано время занятия,Расписание,ru
Преподаватель не проверяет задания,Преподаватели,ru
не дает enroll в предмет,Регистрация,mixed
class time неверное,Расписание,mixed
The document contains an error,Документы,en
"Добрый день, Не могу открыть экзаменационный лист. Срочно нужна помощь.",Экзамены,ru
Преподаватель грубо отвечает,Преподаватели,ru
I cannot contact the teacher,Преподаватели,en
"Good afternoon, The study material is blocked. I do not know what to do.",Библиотека,en
Транскрипт не готов,Документы,ru
У меня проблема: В расписании нет моей группы,Расписание,ru
"У меня проблема: аудитория не та. Я не знаю, что делать.",Расписание,ru
Преподаватель не отвечает на сообщения,Преподаватели,ru
The document contains an error,Документы,en
"Could you please help me, The schedule in the system does not match. I do not know what to do.",Расписание,en
не могу contact преподавателя,Преподаватели,mixed
не могу contact преподавателя,Преподаватели,mixed
расписание кривое,Расписание,ru
The payment was charged twice,Финансы,en
Ошибка в расписании,Расписание,ru
У меня проблема: student account не работает,IT-проблемы,mixed
"Hello, teacher not checking homework. This is very important.",Преподаватели,en
money charged but still unpaid,Финансы,en
"Здравствуйте, универ сайт лагает",IT-проблемы,ru
"Good afternoon, The class time is incorrect. This is very important.",Расписание,en
"Здравствуйте, училка не проверила работу. Помогите пожалуйста.",Преподаватели,ru
The system does not allow me to register,Регистрация,en
В расписании нет моей группы,Расписание,ru
"Добрый день, Преподаватиль грубо отвечаетт. Уже несколько дней не могу решить проблему.",Преподаватели,ru
Проблема с продлением книге. Это очень важна.,Библиотека,ru
Не отображается статус документа,Документы,ru
"Please help, The digital library is not working. Please help me.",Библиотека,en
"Could you please help me, professor ignores messages. I need urgent help.",Преподаватели,en
зачет missing in system,Экзамены,mixed
"Помогити, Не понимаю где пройти медецинскую комиссию. Это очень важно.",Иностранные студенты,ru
"Помогите, Не могу открыть экзаменационный лист",Экзамены,ru
The international students office does not reply,Иностранные студенты,en
The system shows an error during authorization,IT-проблемы,en
There is a problem with document translation,Иностранные студенты,en
"Please help, The portal is not responding",IT-проблемы,en
"Здравствуйте, Не могу открыть электронный учебник. Срочно нужна помощь.",Библиотека,ru
"Добрый день, аплата не проходит. Это очень важно.",Финансы,ru
"Hello, lecturer canceled the class. I have been trying to solve this for several days.",Преподаватели,en
money charged but still unpaid. This is very important.,Финансы,en
"Please help, I cannot viaw my results. Please help me.",Экзамены,en
"Здравствуйте, препод не отвечает in chat. Это очень важно.",Преподаватели,mixed
"Помогите, Система не дает выбрать группу. Помогите пожалуйста.",Регистрация,ru
"общага для иностранцев не подтверждена. Я не знаю, что делать.",Иностранные студенты,ru
"Please help, document request not processed. I do not know what to do.",Документы,en
У меня проблема: книга не открывается. Это очень важно.,Библиотека,ru
У меня проблема: зачет missing in system,Экзамены,mixed
registration для foreign student не готова. Это очень важно.,Иностранные студенты,mixed
не могу логиниться. Помогите пожалуйста.,IT-проблемы,ru
У меня проблема: ошибка регестрации. Уже несколько дней не могу решить проблему.,Регистрация,ru
"Hall0, The class disappeered from the schedule",Расписание,en
"Подскажите пожалуйста, Преподаватель грубо отвечает. Это очень важно.",Преподаватели,ru
I cannot get a place in the d0rmitory,Иностранные студенты,en
"аплата не проходит. Я не знаю, что делать.",Финансы,ru
"Добрый день, деньги charged but статус unpaid. Уже несколько дней не могу решить проблему.",Финансы,mixed
"Please help, The teacher did not upload the materials. I do not know what to do.",Преподаватели,en
"Не могу посмотреть результаты. Я не знаю, что делать.",Экзамены,ru
Жалоба на преподаватиля,Преподаватели,ru
Не могу связаться с преподавателем,Преподаватели,ru
I have a problem: academic certificate is missing. I need urgent help.,Документы,en
The registration was cenceled automatically,Регистрация,en
There iz a problem with document processing,Документы,en
registration для foreign student не готова,Иностранные студенты,mixed
Проблема с миграционной службой,Иностранные студенты,ru
I do n0t know how to extend my registration,Иностранные студенты,en
Не отображается список книг,Библиотека,ru
I cannot contact the teacher,Преподаватели,en
"Could you plaase help me, The study material is blocked. Please help me.",Библиотека,en
"Good afternoon, The international students office does not reply. This is very important.",Иностранные студенты,en
Проблема со страховкой,Иностранные студенты,ru
"Please help, The university website does not open",IT-проблемы,en
"Добрый день, Проблема с продлением книги. Я не знаю, что делать.",Библиотека,ru
"Could you please help me, I cannot download study materials. I do not know what to do.",Библиотека,en
I have a problem: The university website does not open. I need urgent help.,IT-проблемы,en
Не магу пройти медасмотр,Иностранные студенты,ru
Error while logging into the digital library,Библиотека,en
"Помогите, нужна help with dormitory. Помогите пожалуйста.",Иностранные студенты,mixed
I do not have access to exam information,Экзамены,en
не могу download спровку,Документы,mixed
I have a problem: The teacher does not reply to messages. I need urgent help.,Преподаватели,en
"Подскажите пожалуйста, не вижу schedule на сегодня",Расписание,mixed
Не знаю какие документы нужны для визы,Иностранные студенты,ru
Information about the class is missing,Расписание,en
"Платеж прошел два раза. Я не знаю, что делать.",Финансы,ru
document status не обновляется,Документы,mixed
расписание shows wrong classroom,Расписание,mixed
Exam data is not available,Экзамены,en
I have e roblem: The teacher replies rudely. This is very importent.,Преподаватели,en
The library website doas not let me download the file. I have been trying to solve this for several days.,Библиотека,en
"Помогите, Ошибка при регистрации миграционных документов",Иностранные студенты,ru
"Помогите, Не могу получить обратную связь. Помогите пожалуйста.",Преподаватели,ru
book file does not open,Библиотека,en
Не могу пройти медосмотр,Иностранные студенты,ru
не могу register на курс,Регистрация,mixed
I cannot find the classroom,Расписание,en
Расписание отображается неправильно,Расписание,ru
не дает enroll в предмет,Регистрация,mixed
не могу download книгу,Библиотека,mixed
Error while requesting a document,Документы,en
The international students office does not reply,Иностранные студенты,en
I need to apply for temporary residence permet,Иностранные студенты,en
Нужна помощь с жильем,Иностранные студенты,ru
"Could you please help me, digital library is lagging. I do not know what to do.",Библиотека,en
"Подскажите пожалуйста, зачет missing in system. Это очень важно.",Экзамены,mixed
Проблема с регистрацией,Регистрация,ru
There is a problem with the migration office,Иностранные студенты,en
У меня проблема: Не могу зайти в кабинет. Уже несколько дней не могу решить проблему.,IT-проблемы,ru
Жалоба на преподавателя,Преподаватели,ru
квитанция не появилась,Финансы,ru
электронноя library лагает,Библиотека,mixed
"Please help, I cannot pay for the semester. I have been trying to solve this for several days.",Финансы,en
У меня проблема: Не могу продлить срок книги,Библиотека,ru
The schedule in the system does not match,Расписание,en
Exam results are not displayed,Экзамены,en
"Помогите, лектор отменил пару. Я не знаю, что делать.",Преподаватели,ru
Не отображается расписание,Расписание,ru
"Could you please help me, d0rmitory confirmation is missing. I have been trying to solve this for several days.",Иностранные студенты,en
"Hello, exam results disappeared. I need urgent help.",Экзамены,en
migration card проблема,Иностранные студенты,mixed
Пара исчезла из расписания,Расписание,ru
The system shows an error during authorization,IT-проблемы,en
"Good afternoon, I need an academic certificate. I have been trying to solve this for several days.",Документы,en
I cannot choose a discipline,Регистрация,en
"Hallo, The payment is stuck in the system. I do n0t know what to do.",Финансы,en
"Please help, Payment error",Финансы,en
расписание shows wrong classroom,Расписание,mixed
Транскрипт не готов. Уже несколько дней не могу решить проблему.,Документы,ru
"Please help, I cannot access the library. I have baen tryeng to solve this for several days.",Библиотека,en
The clazs time has changed,Расписание,en
расписание кривое,Расписание,ru
exam results disappeared,Экзамены,en
У меня проблема: Преподаватель не отвечает на сообщения. Это очень важно.,Преподаватели,ru
"Помогите, document status не обновляется. Срочно нужна помощь.",Документы,mixed
"Подскажите пожалуйста, не вижу exam results. Уже несколько дней не могу решить проблему.",Экзамены,mixed
The payment does not go through,Финансы,en
Error while ragistering migration documants,Иностранные студенты,en
электроннная library лагает. Помогите пажалуйста.,Библиотека,mixed
The portal is not responding,IT-проблемы,en
Не могу скачать документ,Документы,ru
I have a problem: Information about the class is missing. I have been trying to solve this for several days.,Расписание,en
Ошибка при ригистрации миграционных дакументов,Иностранные студенты,ru
Не могу продлить визу,Иностранные студенты,ru
acedemic certificete is messing,Документы,en
Личный кабинет работает слишком медленно,IT-проблемы,ru
my grades are missing,Экзамены,en
"Добрый день, Паспортные данные указаны неверно. Уже несколько дней не могу решить проблему.",Иностранные студенты,ru
"Здравствуйте, Не пришла квитанция об оплате",Финансы,ru
"Добрый день, Ошибка при входе в электронную библиотеку. Помогите пожалуйста.",Библиотека,ru
"Please help, I cannot find the classroom. I do not know what to do.",Расписание,en
"Подскажите пожалуйста, Ошибка при оформлении визы. Срочно нужна помощь.",Иностранные студенты,ru
"Добрый день, Не могу записаться на предмет",Регистрация,ru
"Hello, The enrollment certificate is not loading. This is very important.",Документы,en
"Please help, I do not have access to documents. I have been trying to solve this for several days.",Документы,en
Ошибка при запросе документа,Документы,ru
"Good afternoon, I cannot enroll in a subject. Please help me.",Регистрация,en
Платеж не проходит,Финансы,ru
деньги charged but статус unpaid,Финансы,mixed
registration на экзамен не работает,Регистрация,mixed
Не открывается запись на экзамен,Регистрация,ru
"Please help, The system does not allow me to choose a group. I have been trying to solve this for several days.",Регистрация,en
Не могу отправить задание через платформу,IT-проблемы,ru
не могу скачать методичку,Библиотека,ru
There is a problem with exam results,Экзамены,en
"Please help, I do not have access to study materials. This is very important.",Библиотека,en
Несправедливая оценка,Преподаватели,ru
"Подскажите пожалуйста, электронка библиотеки лагает",Библиотека,ru
"Помогите, регистрация слетела. Я не знаю, что делать.",Регистрация,ru
There is a problem paying for the dormitory,Финансы,en
"Could you please help me, medical tests were rejected. This is very important.",Иностранные студенты,en
"Здравствуйте, Преподаватель не проверяет задания. Уже несколько дней е могу решить проблему.",Преподаватели,ru
"Здравствуйте, Не могу зайти в кабинет. Уже несколько дней не могу решить проблему.",IT-проблемы,ru
У меня проблема: сайт универа keeps crashing. Уже нескалько дней не могу решить проблему.,IT-проблемы,mixed
"Добрый день, Портал не отвечает. Это очень важно.",IT-проблемы,ru
У меня проблема: Не могу зарегистрироваться на семестр. Помогите пожалуйста.,Регистрация,ru
I have a problem: I cannot log in to my student account. I have been trying to solve this for several days.,IT-проблемы,en
Не приходит код подтверждения. Это очень важно.,IT-проблемы,ru
Ошибка поиска книги,Библиотека,ru
My passport information is incorrect. I need urgent help.,Иностранные студенты,en
Не могу зарегистрироваться на курс,Регистрация,ru
"Good aftarnoon, The study material is blocked. I do not know what to do.",Библиотека,en
medical tests were rejected,Иностранные студенты,en
"Здравствуйте, универ сайт лагает. Я не знаю, что делать.",IT-проблемы,ru
There is a problem paying for he dormitory,Финансы,en
Error while logging into the digital library,Библиотека,en
У меня проблема: Несправедливая оценко,Преподаватели,ru
"Could you please help me, I cannot find the classroom. I have been trying to solve this for several days.",Расписание,en
"Hello, I cannot get medecal insurance. This is very important.",Иностранные студенты,en
В расписании нет моей группы,Расписание,ru
"Подскажите пожалуйсто, Занятие перенесено без уведомления. Это очень важно.",Расписание,ru
I have a problem: There is not enough information for international students. I have been trying to solve this for several days.,Иностранные студенты,en
нужен документ для визы,Документы,ru
Error while viewing grades. I need urgent help.,Экзамены,en
мед анализы не приняли,Иностранные студенты,ru
Не согласен с аценкой преподвателя,Преподаватели,ru
"Добрый день, деньги charged but статус unpaid. Срочно нужна помощь.",Финансы,mixed
library account не работает,Библиотека,mixed
"Добрый день, Конфликт в расписании занятий",Расписание,ru
"Good afternoon, There is a problem with the online schedule. Please help me.",Расписание,en
Не получил зачет,Экзамены,ru
I do not know what documents are needed for visa,Иностранные студенты,en
не могу download справку,Документы,mixed
Конфликт в расписаннии занятий,Расписание,ru
My document request is stuck in the system,Документы,en
препод не отвечает,Преподаватели,ru
"Добрый день, Не отображается допуск к экзамену. Помогите пожалуйста.",Экзамены,ru
"Hello, There is a problem with dormitory for international students",Иностранные студенты,en
не вижу schedule на сегодня,Расписание,mixed
"Помогите, regstration на экзамен нне работает. Я не зннаю, что делать.",Регистрация,mixed
Не могу скачать документ,Документы,ru
Не получается завершить регистрацию. Это очень важно.,Регистрация,ru
Не хватает информации для иностранных студентов. Это очень важно.,Иностранные студенты,ru
Error while searching for a book,Библиотека,en
Оценка отсутствует в системе,Экзамены,ru
Система выбрасывает меня из аккаунта,IT-проблемы,ru
"Помогите, Не магу войте в систему. Помогите пожалуйста.",IT-проблемы,ru
"Помогите, Нет доступа к документам",Документы,ru
"Good afternoon, I cannot contact the teacher. I do not know what to do.",Преподаватели,en
"Здравствуйте, Ошибка в расписании. Уже несколько дней не могу решить проблему.",Расписание,ru
can't enroll in course. This is very important.,Регистрация,en
сайт тупит,IT-проблемы,ru
library account не работает,Библиотека,mixed
нужен certificate для визы,Документы,mixed
"Добрый динь, Оценка отсутствует в системе. Помогете пожалуйста.",Экзамены,ru
зачет н поставили,Экзамены,ru
"Добрый день, Не могу оформить регистрацию по мисту пребывания. Срочно нужна помощь.",Иностранные студенты,ru
I cannot register for a course,Регистрация,en
I have a problem: The grade is unfair. I do not know what to do.,Преподаватели,en
I have a pr0blem: The money was cherged but the payment was not confirmed,Финансы,en
препод не отвечает in chat,Преподаватели,mixed
Ошибка при просмотре оценок,Экзамены,ru
Не согласен с оценкой преподавателя,Преподаватели,ru
У миня проблема: книга не открывается,Библиотека,ru
Документ не готов,Документы,ru
There is a problem paying for the dormitory,Финансы,en
The payment receipt did not arrive,Финансы,en
"Добрый день, деньги сняли а статус unpaid",Финансы,ru
There is a problem choosing the study program,Регистрация,en
"Good afternoon, The e-learning platform is not loading",IT-проблемы,en
I have a problem: The teacher canceled the class. Please help me.,Преподаватели,en
Паспортные данные указаны неверно,Иностранные студенты,ru
"Добрый день, Проблема с регистрацией. Срочно нужна помощь.",Регистрация,ru
I cannot register for a course,Регистрация,en
"Could you please help me, login problem in university system",IT-проблемы,en
"Добрый день, Платеж не проходит. Это очень важно.",Финансы,ru
Не могу восстановить пароль,IT-проблемы,ru
сайт универа keeps crashing,IT-проблемы,mixed
"Hello, Server error when opening the page. Please help me.",IT-проблемы,en
"Преподаватель не отвечает нна сообщения. Я не знаю, что делать.",Преподаватели,ru
не могу download книгу,Библиотека,mixed
registration на экзамен не работает,Регистрация,mixed
У меня проблема: мед анализы не приняли. Помогите пожалуйста.,Иностранные студенты,ru
I have a problem: money charged but still unpaid. I need urgent help.,Финансы,en
"Please help, Exam enrollment is not opening. This is very important.",Регистрация,en
У меня проблема: Не отображается расписание. Помогите пожалуйста.,Расписание,ru
"Добрый день, Возникла ашибка регистрации",Регистрация,ru
училка не проверила работу,Преподаватели,ru
"Здравствуйте, Не отображается регистрация на экзамен",Регистрация,ru
"Hello, Payment information is not displayed. I have been trying to solve this for several days.",Финансы,en
"Добрый день, Проблема с ВНЖ. Срочно нужна помощь.",Иностранные студенты,ru
Не хватает информации для иностранных студентов,Иностранные студенты,ru
У меня проблема: Проблема с ВннЖ,Иностранные студенты,ru
"Hello, I do not have access to documents. I hava been trying to solve this for several days.",Документы,en
The payment was charged twice,Финансы,en
"Здравствуйте, document status не обновляется. Это очень важно.",Документы,mixed
деньги charged but статус unpaid,Финансы,mixed
There is a conflict with a teacher,Преподаватели,en
I have a problem: I need to apply for temporary residence permit,Иностранные студенты,en
"Please help, I cannot log in to my student account",IT-проблемы,en
I have a problem: There is an error in the schedule,Расписание,en
Ошибка в оценках,Экзамены,ru
не дает enroll в предмет,Регистрация,mixed
деньги charged but статус unpaid,Финансы,mixed
The grade is unfair,Преподаватели,en
не могу записаться,Регистрация,ru
document status не обновляется,Документы,mixed
"Здравствуте, не могу login в личный кабинет",IT-проблемы,mixed
У меня проблема: Не могу записаться на предмет. Это очень важно.,Регистрация,ru
У меня проблема: не могу login в личный кабинет. Помогите пожалуйста.,IT-проблемы,mixed
Exam admission is not displayed,Экзамены,en
"Hello, The enrollment certificate is not loading",Документы,en
I cannot get feedback from the teacher,Преподаватели,en
Проблема с доступом к университетскому порталу,IT-проблемы,ru
"Could you please help me, There is a problem with document processing. I have been trying to solve this for several days.",Документы,en
"Добрый день, Преподаватель не проверяет задания. Срочна нужна помощь.",Преподаватели,ru
"G0od afternoon, I cannot register for the semester",Регистрация,en
Проблема с продлением книги,Библиотека,ru
"Good afternoon, The pass result is missing. This is very important.",Экзамены,en
У меня проблема: Не могу открыть электронный учебник. Уже несколько дней не могу решить проблему.,Библиотека,ru
I need an academic certificate,Документы,en
не вижу schedule на сегодня,Расписание,mixed
"Please help, The schedule in the system does not match. I have been trying to solve this for several days.",Расписание,en
"Здравствуйте, Проблема при выборе учебной программы",Регистрация,ru
The class was moved without notification,Расписание,en
"Здравствуйте, Не отображается регистрация на экзамен. Срочно нужнна помощь.",Регистрация,ru
dormitory confirmation is missing,Иностранные студенты,en
"Здравствуйте, Ошибка при регистрации на предмет. Срочно нужна помощь.",Регистрация,ru
The teacher gave me the wrong grade,Преподаватели,en
Изменилось время занятий,Расписание,ru
Преподаватель не отвечает на сообщения,Преподаватели,ru
Не отображается расписание,Расписание,ru
Сайт университета не открывается. Это очень важно.,IT-проблемы,ru
"Добрый день, Платеж не проходит. Уже несколько дней не могу решить проблему.",Финансы,ru
Проблема с ВНЖ,Иностранные студенты,ru
"Подскажите пожалуйста, не понимаю что делать с визой. Это очень важно.",Иностранные студенты,ru
"Hello, The lecturer did not come to class. This is very important.",Преподаватели,en
"Помогите, Счет за обучение отображается неверно",Финансы,ru
There is a problem choosing the study program,Регистрация,en
"Hello, Error while paying through the portal. This is very important.",Финансы,en
I have a problem: Payment error. I have been trying to solve this for severel days.,Финансы,en
"Подскажите пожалуйста, Система не позволяет зарегистрироваться. Помогите пожалуйста.",Регистрация,ru
Возникла ошибка регистрации,Регистрация,ru
электронная library лагает,Библиотека,mixed
"Здравствуйте, не могу download справку",Документы,mixed
There is a problem choosing the study program. I have been trying to solve this for sveral days.,Регистрация,en
There is not enough information for international students,Иностранные студенты,en
У меня проблема: Не могу получить справку,Документы,ru
library account не работает,Библиотека,mixed
Exam results are not displayed,Экзамены,en
Не хватает информации для иностранных студентов. Уже несколько дней не могу решить проблему.,Иностранные студенты,ru
I cannot enroll in a subject,Регистрация,en
нне хватает информацеи для иносттранных студентов,Иностранные студенты,ru
не дает enroll в предмет,Регистрация,mixed
расписание shows wrong classroom,Расписание,mixed
I cannot download study materials,Библиотека,en
"Could you please help me, The teacher is ignoring my messages. I have been trying to solve this for several days.",Преподаватели,en
teacher игнорит сообщения,Преподаватели,mixed
У меня проблема: Не могу получить обратную связь. Срочно нужна помощь.,Преподаватели,ru
не дает enroll в предмет,Регистрация,mixed
The enrollment certificate is not loading,Документы,en
"У меня проблема: Диньги списаны, но платеж не подтвержден. Я не знаю, что делать.",Финансы,ru
"Could you please help me, The teacher is ignoring my messages. I need urgent help.",Преподаватели,en
The university website does not open,IT-проблемы,en
Сайт университета лагает,IT-проблемы,ru
Error while logging into the digital library,Библиотека,en
document status не обновляется,Документы,mixed
I have a problem: can't enroll in course. I have been trying to solve this for several days.,Регистрация,en
"Hello, The schedule in the system does not match",Расписание,en
Библиотека не дает скачоть файл,Библиотека,ru
Проблема с визой,Иностранные студенты,ru
The system does not allow me to register. I do not know what to do.,Регистрация,en
"Добрый день, portal не открывается. Уже несколько дней не могу решить проблему.",IT-проблемы,mixed
сайт тупит,IT-проблемы,ru
"Подскажите пожалуйста, Не могу получить справку. Это очень важно.",Документы,ru
"Добрый день, Изменилось время занятий",Расписание,ru
"Помогите, Нужно сдать анализы для университета. Я не знаю, что делать.",Иностранные студенты,ru
"Could you please help me, I need an academic certificate. I need urgent help.",Документы,en
"Hello, The grade is missing in the system. I need urgent help.",Экзамены,en
Exam data is not available,Экзамены,en
"Good afternoon, Error while registering for a subject. I have been trying to solve this for several days.",Регистрация,en
"Здравствуйте, книга не открывается",Библиотека,ru
Неправильно стоит оценка за тест,Экзамены,ru
"Добрый день, нниправильно стоит оценка за тест. Помогите пожалуйста.",Экзамены,ru
Не могу оформить регистрацию по месту пребывания,Иностранные студенты,ru
"Please help, I cannot pay my tuition fee. I do not know what to do.",Финансы,en
Не могу зарегистрироваться на семестр,Регистрация,ru
аплата не проходит,Финансы,ru
"Добрый день, Преподаватель грубо отвечает. Это очень важно.",Преподаватели,ru
зачет не поставили,Экзамены,ru
Ошибка при запросе документа,Документы,ru
"Please help, The document status is not displayed. This is very important.",Документы,en
"Добрый день, Преподаватель грубо отвечает. Это очень важно.",Преподаватели,ru
не могу download справку,Документы,mixed
"Could you please help me, Exam registration is not displayed. I do not know what to do.",Регистрация,en
The course es not available for registration,Регистрация,en
"Good afternoon, The pletform logs me out eutomatically. I do not knw what to do.",IT-проблемы,en
"Good afternoon, Server error when opening the page. Please help me.",IT-проблемы,en
"Добрый день, Неверно указана оценка. Это очень важно.",Экзамены,ru
не понимаю что делать с визой,Иностранные студенты,ru
Заявление зависло в системе. Это очень важно.,Документы,ru
У меня проблема: Экзаменационные данные недоступны,Экзамены,ru
"Здравствуйте, квитанция не появилась. Я не знаю, что делать.",Финансы,ru
"Hello, There is a conflict in the class schedule. I do not know what to do.",Расписание,en
деньги charged but статус unpaid,Финансы,mixed
Не могу выбрать дисциплину,Регистрация,ru
Не отображается информация об оплате,Финансы,ru
Не могу зайти в кабинет. Это очень важно.,IT-проблемы,ru
У меня проблема: Проблема с медицинскими аннализами. Срочна нужна помощь.,Иностранные студенты,ru
I cannot contact the teacher,Преподаватели,en
The system does not allow me to register,Регистрация,en
I have a problem: The system does not accept my application. I do not know what to do.,Документы,en
I have a problem: Error while viewing grades. I need urgent help.,Экзамены,en
receipt is missing,Финансы,en
"Деньги списанны, но платеж не подтвержден. Срочнно нужна помощь.",Финансы,ru
"Здравствуйте, Проблема с продлением книги. Уже несколько дней не могу решить проблему.",Библиотека,ru
Конфликт с преподавателем,Преподаватели,ru
не могу логиниться,IT-проблемы,ru
"Could you please help me, I need a document for my visa. e have been trying to solve thiz for several days.",Документы,en
"G0od afternoon, The system does not accept y application",Документы,en
Платеж не проходит,Финансы,ru
"Добрый день, Портол не отвечает",IT-проблемы,ru
can't enroll in couse,Регистрация,en
У меня проблема: Нет доступа к информации об экзамене. Это очень важно.,Экзамены,ru
У меня проблема: Транскрипт не готов. Это очень важно.,Документы,ru
"Помогите, Преподаватель не проверяет задания. Это очень важно.",Преподаватели,ru
Проблема с библиотечным аккаунтом,Библиотека,ru
деньги charged but статус unpaid,Финансы,mixed
"Hello, I cannot get support as an international student. Please help me.",Иностранные студенты,en
не могу оплатить общагу,Финансы,ru
I cannot pay for the semester,Финансы,en
"Hello, The schedule is displayed incorrectly. I have been trying to solve this for several days.",Расписание,en
"Добрый день, Ошибка при оплате через портал. Это очень важно.",Финансы,ru
не дает выбрать курс,Регистрация,ru
"Подскажите пожалуйста, Счет за обучение отображается неверно. Это очень важно.",Финансы,ru
Жалоба на преподавателя,Преподаватели,ru
The confirmation code does not arrive,IT-проблемы,en
У меня проблема: Проблема с преподавателем,Преподаватели,ru
"Здравствуйте, Не могу посматреть результаты. Помогете пожалуйста.",Экзамены,ru
зачет не поставили. Срочно нужна помощь.,Экзамены,ru
I cannot open the electronic textbook. I do not know what to do.,Библиотека,en
The money was charged but the payment was not confirmed,Финансы,en
I cannot enroll in a subject. I have been trying to solve this for several days.,Регистрация,en
"Добрый день, сайт универа keeps crashing",IT-проблемы,mixed
"Could you please help me, I have a problem with a teacher",Преподаватели,en
The platform logs me out automatically. Please help me.,IT-проблемы,en
The system rejects the payment,Финансы,en
"Здравствуйте, Не согласен с оценкой преподавателя. Я не знаю, что делать.",Преподаватели,ru
Преподаватель не загрузил материалы,Преподаватели,ru
"Помогите, Не могу получить студенческий билет. Помогите пожалуйста.",Документы,ru
"Could you please help me, There is a problem paying for the dormitory",Финансы,en
The university website does not open,IT-проблемы,en
Конфликт с преподавателем,Преподаватели,ru
препод не отвечает in chat,Преподаватели,mixed
У меня проблема: Изминилось время занятий. Помогите пожалуйста.,Расписание,ru
нужен документ для визы,Документы,ru
"Здравствуйте, Пара исчезла из расписания. Уже несколько дней не могу решить проблему.",Расписание,ru
Проблема с экзаменационными результатами,Экзамены,ru
money charged but still unpaid,Финансы,en
"Здравствуйте, Расписание отображаится неправильно. Помогите пожалуйста.",Расписание,ru
"Please help, I do not have access to study materials. I need urgent help.",Библиотека,en
У меня проблема: Проблема с онлайн расписанием. Срочно нужна помощь.,Расписание,ru
The library system is not responding. Please help me.,Библиотека,en
payment прошел но квитанции нет,Финансы,mixed
"Please help, I cannot open the exam sheet",Экзамены,en
"Подскажите пожалуйста, Не могу зарегистрироваться на курс",Регистрация,ru
There is a conflict with a teacher,Преподаватели,en
У меня проблема: училка не проверила работу. Это очень важно.,Преподаватели,ru
Ошибка при регистрации на предмет,Регистрация,ru
The payment does not go through,Финансы,en
Не могу оплатить обучение,Финансы,ru
"Could you please help me, I need an academic certificate",Документы,en
Не отобажается допуск к экзомену,Экзамены,ru
The results appered with an error,Экзамены,en
мед анализы не приняли,Иностранные студенты,ru
"Добрый день, Портал университтетта завесает. Срочно нужна памощь.",IT-проблемы,ru
"Hello, The tuition invoice is displayed incorrectly",Финансы,en
"Please help, Error while paying through the portal. Please help me.",Финансы,en
Не удается скачать учебный материал,Библиотека,ru
Не могу получить доступ к библиотеке,Библиотека,ru
There is an error in my grades,Экзамены,en
нужен документ для визы,Документы,ru
The library website does not let me download the file,Библиотека,en
"Please help, My student portal is frozen. I need urgent help.",IT-проблемы,en
Проблема с ригистрацией,Регистрация,ru
document status не обновляется,Документы,mixed
I have a problem: The teacher did not upload the materials. Please help me.,Преподаватели,en
"Здравствуйте, document status не обновляется",Документы,mixed
"Добрый день, нужен документ для визы",Документы,ru
Материал заблокирован. Это очень важно.,Библиотека,ru
Не пришла квитонция об оплате,Финансы,ru
Server error when opening the page,IT-проблемы,en
Ошибка при просмотре оценок,Экзамены,ru
The class time is incorrect. Please help me.,Расписание,en
"Здравствуйте, зачет не поставили. Помогите пожалуйста.",Экзамены,ru
"Помогите, Платеж прошел два раза. Это очень важно.",Финансы,ru
"Здравствуйте, Платеж не проходит",Финансы,ru
Возникла ошибка регистрации,Регистрация,ru
Не совпадает расписание в системе,Расписание,ru
Возникла ошибка регистрации,Регистрация,ru
"Добрый день, Не могу найти аудиторию. Я не знаю, что делать.",Расписание,ru
Не удается скачать учебный материал,Библиотека,ru
Не могу записаться на предмет,Регистрация,ru
Нужна помощь с жильем,Иностранные студенты,ru
I cannot get a receipt,Финансы,en
"Здравствуйте, Преподаватель не проверяет задания. Я не знаю, что делать.",Преподаватели,ru
The system does not accept my application,Документы,en
Занятие перенесено без уведомления,Расписание,ru
The teacher does not reply to messages. Please help me.,Преподаватели,en
"Good afternoon, I cannot get a certificate. I have been trying to solve thiz for several days.",Документы,en
Error while searching fr a book,Библиотека,en
library account не работает. Срочно нужна помощь.,Библиотека,mixed
"Здравствуйте, Не открывается запись на экзамен. Уже несколько дней не могу решить проблему.",Регистрация,ru
The online learning system is not working,IT-проблемы,en
The document is not ready. I need urgent help.,Документы,en
I have a problem: Login error in my account. I have been trying to solve this for several days.,IT-проблемы,en
У меня проблема: Ошибка при просмотре оценок. Это очень важно.,Экзамены,ru
The system does not accept my application,Документы,en
Система не принимает заявление,Документы,ru
"Good afternoon, The class disappeared from the schedule. Please help me.",Расписание,en
I cannot complete the medical checkup,Иностранные студенты,en
I have a problem: The teacher does not check assignments. Please help me.,Преподаватели,en
"Добрый день, Не могу получить студенческий билет. Уже несколько дней не могу решить проблему.",Документы,ru
book file does not open,Библиотека,en
migration card проблема,Иностранные студенты,mixed
лектор отменил пару,Преподаватели,ru
"Could you please help me, The library website does not let me download the file. I have been trying to solve this for several days.",Библиотека,en
The tuition invoice is displayed incorrectly,Финансы,en
Система не принимает заявление,Документы,ru
не могу contact преподавателя,Преподаватели,mixed
препод не отвечает in chat,Преподаватели,mixed
My insurance is not displayed in the system. I have been trying to solve this for several days.,Иностранные студенты,en
не могу скачать методичку,Библиотека,ru
"Помогите, Ни могу оплатить обучение. Помогите пожалуйста.",Финансы,ru
не дает выбрать курс. Помогите пожалуйста.,Регистрация,ru
"Здравствуйте, электронка библиотеки лагает. Срочно нужна помощь.",Библиотека,ru
"Помогите, не вижу exam results. Это очень важно.",Экзамены,mixed
I cannot extend the book loan period,Библиотека,en
"Здравствуйте, не вижу оценки. Уже несколько дней не могу решить проблему.",Экзамены,ru
I cannot get feedback from the teacher,Преподаватели,en
"Добрый день, Лектор не пришел на занятие. Я не знаю, что делать.",Преподаватели,ru
"Could you please help me, money charged but still unpaid. I do not know what t0 do.",Финансы,en
The payment does not go through,Финансы,en
Проблема с визой,Иностранные студенты,ru
digital library is lagging,Библиотека,en
I cannot complete the medical checkup. I have been trying to solve this for several days.,Иностранные студенты,en
"Could you please help me, Error while searching for a book. This is very important.",Библиотека,en
There is a conflict with a teacher,Преподаватели,en
Проблема с онлайн расписанием,Расписание,ru
"Помогите, Преподаваттель игнорирует сообщения. Срочно нужн помощь.",Преподаватели,ru
The system does not allow me to choose a group,Регистрация,en
"Good afternoon, I want to complain about a teacher. I do not know what to do.",Преподаватели,en
"У меня проблема: Счет за обучение атображается неверно. Я не знаю, что делать.",Финансы,ru
портал умер,IT-проблемы,ru
"Здравствуйте, не вижу exam results",Экзамены,mixed
У меня проблема: расписание кривое. Срочно нужна помощь.,Расписание,ru
Платеж не проходит,Финансы,ru
"У меня проблема: Жалоба на преподавателя. Я не знаю, что делать.",Преподаватели,ru
"Подскажите пожалуйста, Ошибка при входе в электронную библиотеку. Срочно нужна помощь.",Библиотека,ru
"Hello, document request not processed",Документы,en
I need housing as an international student. I have been trying to z0lve this for several deys.,Иностранные студенты,en
can't enroll in course,Регистрация,en
н дает выбратть курс,Регистрация,ru
I cannot submit my assignment through the platform,IT-проблемы,en
"Hello, my grades are missing. I need urgent help.",Экзамены,en
There is a registration problem,Регистрация,en
Документ не готов,Документы,ru
Неправильно стоит оценка за тестт,Экзамены,ru
"Good afternoon, The online platform keeps freezing",IT-проблемы,en
"Good afternoon, My group is missing from the schedule",Расписание,en
У меня проблема: деньги charged but статус unpaid. Помогите пожалуйста.,Финансы,mixed
"Добрый день, Не могу оплатить обучение. Уже несколько дней не могу решить проблему.",Финансы,ru
Преподаватель не отвечает на сообщения,Преподаватели,ru
Migration regestration is not ready,Иностранные студенты,en
I have a problem: The class time is incorrect,Расписание,en
"Подскажите пожалуйста, не вижу пару. Уже несколька дней не магу решить проблему.",Расписание,ru
I have a problem: Tha class disappeared from the schedule. I have been trying to solve this for several days.,Расписание,en
Ошибка при регистрации на предмет. Срочно нужна помощь.,Регистрация,ru
Ошибка при просмотре оценок,Экзамены,ru
Не могу продлить визу,Иностранные студенты,ru
"Подскажите пожалуйста, резы экзамена пропали. Уже несколько дней не могу решить проблему.",Экзамены,ru
"Please help, I cannot pay my tuition fee",Финансы,en
Заявление зависло в системе,Документы,ru
Не открывается запись на экзамен,Регистрация,ru
There is a problem with my library account,Библиотека,en
Не могу получить обратную связь,Преподаватели,ru
Не могу получить обратную связь,Преподаватели,ru
"Good afternoon, I cannot get a place in the dormitory",Иностранные студенты,en
У меня проблема: Неверно указано время занятия. Срочно нужна помощь.,Расписание,ru
"Подскажите пожалуйста, Книга недоступна. Срочно нужна помощь.",Библиотека,ru
"Подскажите пожалуйста, училка не проверила работу. Срочно нужна помощь.",Преподаватели,ru
не могу contact преподавателя,Преподаватели,mixed
"Помогите, Не работает электронная библиотека. Я не знаю, что делать.",Библиотека,ru
"Hello, Login error in my account. I do not know what to do.",IT-проблемы,en
The lecturer did not come to class,Преподаватели,en
"Здравствуйте, Не отображается статус документа. Это очень важно.",Документы,ru
Проблема с продлением книги,Библиотека,ru
The teacher does not check assignments,Преподаватели,en
"Good afternoon, There is an error in the schedule. I do not know what to do.",Расписание,en
не могу login в личный кабинет,IT-проблемы,mixed
"Здравствуйте, сайт тупит. Срочнно нужна помощь.",IT-проблемы,ru
I cannot submit my assignment through the platform. I do not know what to do.,IT-проблемы,en
"Good afternoon, I disagree with the teacher's grade. This is very important.",Преподаватели,en
"Добрый день, Не могу получить справку. Срочно нужна помощь.",Документы,ru
не вижу exam results,Экзамены,mixed
"Подскажите пожалуйста, не могу записаться. Срочно нужна помощь.",Регистрация,ru
Преподаватель не отвечает на сообщения,Преподаватели,ru
экзамен не отображается,Экзамены,ru
Не могу оформить временную регистрацию,Иностранные студенты,ru
Нет доступа к учебным материалам. Срочно нужна помощь.,Библиотека,ru
There es e problem with my migration card,Иностранные студенты,en
schedule is wrong,Расписание,en
teacher игнорит сообщения,Преподаватели,mixed
Не отображается регистрация на экзамен. Срочно нужна помощь.,Регистрация,ru
"Could you please help me, I cannot extend my visa. I need urgant help.",Иностранные студенты,en
"Could you please help me, A registration error occurred. I need urgent help.",Регистрация,en
"Hello, I cannot open the electronic textbook. I do not know what to do.",Библиотека,en
e have a problem: There is a conflict in the class schedule,Расписание,en
I cannot pay for the semester. I have been trying to solve this for several days.,Финансы,en
"Экзаменационные данные недоступны. Я не знаю, что делать.",Экзамены,ru
"Здравствуйте, деньги charged but статус unpaid. Срочно нужна помощь.",Финансы,mixed
"Помогите, не вижу пару. Я не знаю, что делать.",Расписание,ru
Не согласен с оценкой преподавателя,Преподаватели,ru
"Hello, The payment does not go through. Pleese help me.",Финансы,en
"Подскажите пожалуйста, расписание shows wrong classroom. Это очень важно.",Расписание,mixed
"Помогите, Документ не готов. Уже несколько дней не могу решить проблему.",Документы,ru
I need help with my passport,Иностранные студенты,en
I have a problem: Information about the class is missing. I do not know what to do.,Расписание,en
Неправильно стоит оценка за тест,Экзамены,ru
There is a problem with university documents,Документы,en
"Подскажите пожалуйста, Библитечная система не отвечает. Памогите пожалуйстта.",Библиотека,ru
"Помогите, Занятие перенесено без уведомления. Срочно нужна помощь.",Расписание,ru
"Подскажите пожалуйста, книга не открывается. Срочно нужна помощь.",Библиотека,ru
"Could you please help me, There is a problem choosing the study program. This is very important.",Регистрация,en
can't open my account,IT-проблемы,en
"Добрый день, Преподаватель не отвечает на сообщения. Помогите пожалуйста.",Преподаватели,ru
"Please help, The teacher did not upload the materials. I need urgent help.",Преподаватели,en
I cannot choose a discipline,Регистрация,en
не могу download книгу,Библиотека,mixed
"Hallo, I cannot open tha electronic textboo. This is very important.",Библиотека,en
Конфликт с преподавателем,Преподаватели,ru
Проблема с университетскими документами,Документы,ru
There is a problem with document translation,Иностранные студенты,en
I cannot find the classroom. Please help me.,Расписание,en
"Good afternoon, I cannot contact the teacher. Please help me.",Преподаватели,en
Неправильнно стоит оценка за тест. Уже несколько дней не могу решеть проблему.,Экзамены,ru
Ошибка при оформлении визы. Помогите пожалуйста.,Иностранные студенты,ru
"Please help, Error while registering for a subject. I need urgent help.",Регистрация,en
"Please help, my grades are missing. I do not know what to do.",Экзамены,en
Нет ризультата зачета,Экзамены,ru
"Помогите, Не могу получить справку. Я не знаю, что делать.",Документы,ru
"Could you please help me, There is a problem choosing the study program. Please help me.",Регистрация,en
"Please help, There is a problem with my medical insurance. I need urgent help.",Иностранные студенты,en
не понимаю что делать с визой,Иностранные студенты,ru
"Помогите, Конфликт с преподавателем. Срочно нужна помощь.",Преподаватели,ru
"Could you please help me, The payment is stuck in the system. This is very important.",Финансы,en
"Please help, exam results disappeared. I have been trying to solve this for several days.",Экзамены,en
The teacher does not check assignments,Преподаватели,en
The system rejcts the payment,Финансы,en
"У меня проблема: Нужно сдать анализы для университета. Я не знаю, что делать.",Иностранные студенты,ru
I cannot get a receipt,Финансы,en
"Hello, The teacher gave me the wrong grade. I have been trying to solve this for several days.",Преподаватели,en
I cannot get a receipt,Финансы,en
"Could you please help me, The results appeared with an error. I need urgent help.",Экзамены,en
У меня проблема: не вижу schedule на сегодня. Уже несколько дней не могу решить проблему.,Расписание,mixed
teacher игнорит сообщения,Преподаватели,mixed
"Здравствуйте, Преподаватель не проверяет задания",Преподаватели,ru
tuition payment poblem,Финансы,en
Не отображается расписание,Расписание,ru
I need a document for my visa,Документы,en
"Помогите, Система не позволяет зарегистрироваться. Срочно нужна помощь.",Регистрация,ru
"Please help, I have a problem with a teacher. This is very important.",Преподаватели,en
Проблема с миграционной картой,Иностранные студенты,ru
The system shows an error during authorization,IT-проблемы,en
Не отображается статус документа. Уже несколько дней не могу решить проблему.,Документы,ru
"Помогите, Ошибка при оплате через портал. Это очень важно.",Финансы,ru
Возникла ошибка регистрации,Регистрация,ru
Payment error,Финансы,en
препод не отвечает in chat,Преподаватели,mixed
"Добрый день, не могу оплатить общагу. Помогите пожалуйста.",Финансы,ru
"Could you please help me, registration err0r. This is very important.",Регистрация,en
расписание кривое,Расписание,ru
"Hello, The online platform keeps freezing. I do not know what to do.",IT-проблемы,en
tuition payment problem. I do not know what to do.,Финансы,en
"Good afternoon, Payment error. I do not know what to do.",Финансы,en
"Здравствуйте, Преподаватель игнорирует сообщения. Уже несколько дней не могу решить проблему.",Преподаватели,ru
"Good afternoon, can't open my account. Please help me.",IT-проблемы,en
"Помогите, Ошибка при оплате через портал. Это очинь важно.",Финансы,ru
"Good afternoon, book file does not open. This is very important.",Библиотека,en
I need an academic certificate,Документы,en
The library system is not responding,Библиотека,en
"Please help, I need a document for my visa. This is very important.",Документы,en
I have a problem: I need access to course materials. Please help me.,Библиотека,en
Преподаатель не загрузил материалы,Преподаватели,ru
универ сайт лагает,IT-проблемы,ru
Не могу получить доступ к библиотеке,Библиотека,ru
I cannot open the exam sheet,Экзамены,en
The payment is stuck en the zystem,Финансы,en
The schedule is n0t displayed. I need urgent help.,Расписание,en
"Здравствуйте, Не роботает электронная библиотека. Это очень важно.",Библиотека,ru
У меня проблема: Ошибка при входе в аккаунт. Помогите пожалуйста.,IT-проблемы,ru
"Подскажите пожалуйста, Проблема с платежом. Срочно нужна помощь.",Финансы,ru
"Good afternoon, The grade is incorrect. This is very important.",Экзамены,en
"Hello, There is an err0r in my grades. I have been trying to solve this for several days.",Экзамены,en
grade неправильный,Экзамены,mixed
не могу upload файл на платформу,IT-проблемы,mixed
"Hello, I cannot enroll in a subject",Регистрация,en
"C0uld you please help me, I cannot enroll in a zubject",Регистрация,en
"Подскажите пожалуйста, не дает выбрать курс. Я не знаю, что делать.",Регистрация,ru
"Hello, book file does not open",Библиотека,en
Не отображается список книг. Уже несколько дней не могу решить проблему.,Библиотека,ru
Ошибка при оплате через портал,Финансы,ru
"Please help, I cannot pay my tuition fee. Please help me.",Финансы,en
"Good afternoon, I cannot pay my tuition fee. Please help me.",Финансы,en
"Здравствуйте, Не могу отправить задание через платформу. Уже несколько дней не могу решить проблему.",IT-проблемы,ru
I have a problem: The teacher gave me the wrong grade. I have been trying to solve this for several days.,Преподаватели,en
I have a problam: I have a problem with a teacher,Преподаватели,en
"Подскажите пожалуйста, нужна help with dormitory. Я не знаю, что делать.",Иностранные студенты,mixed
I cannot complete the medical checkup,Иностранные студенты,en
The payment is stuck in the zystem,Финансы,en
"Hello, There is an error in the schedule. This is very important.",Расписание,en
"Здравствуйте, Проблема с платежом",Финансы,ru
Платеж прошел два раза. Уже несколько дней не могу решить проблему.,Финансы,ru
"Could you please help me, There is a problem with document processing",Документы,en
I cannot access the library,Библиотека,en
The grade is unfair,Преподаватели,en
I have a problem: The online learning system is not working,IT-проблемы,en
The class was moved without notification,Расписание,en
"Could you please help me, The class time has changed. This is very important.",Расписание,en
"Добрый день, Не могу записаться на предмет. Уже несколько дней не могу решить проблему.",Регистрация,ru
ни магу скачать методичку,Библиотека,ru
У меня проблема: document status не обновляется,Документы,mixed
Не согласен с оценкой преподавателя,Преподаватели,ru
"Здравствуйте, аплата не проходит. Помогите пожалуйста.",Финансы,ru
The payment receipt did not arrive. I naed urgent help.,Финансы,en
"Could you please help me, I need access to course materials. I have been trying to solve this for several days.",Библиотека,en
Не работтает электронная библиотека,Библиотека,ru
Лектор не пришел на занятие,Преподаватели,ru
I have a problem: I cannot choose a discipline. I need urgent help.,Регистрация,en
The schedule is not displayed. I have been trying to solve this for several days.,Расписание,en
I need help with accommodation,Иностранные студенты,en
Система не позволяет зарегистрироваться,Регистрация,ru
Система отклоняет оплату,Финансы,ru
"Не получается завершить регистрацию. Я не знаю, что делать.",Регистрация,ru
"У меня проблема: Преподаватель не проверяет задания. Я не знаю, что делать.",Преподаватели,ru
У меня проблема: Неверно указана оценка. Помогите пожалуйста.,Экзамены,ru
"Hello, I cannot access my account. This is very important.",IT-проблемы,en
"Good afternoon, I cannot extend my visa. This is very important.",Иностранные студенты,en
Система отклоняет оплату,Финансы,ru
I cannot download the document,Документы,en
e have a problem: The univerzity website does not open,IT-проблемы,en
Преподаватель игнорирует сообщения,Преподаватели,ru
"Добрый день, Экзаменационные данные недоступны. Я не знаю, что делать.",Экзамены,ru
Поблема с регистрацией,Регистрация,ru
I have a problem: I have a problem with a teacher. This is very important.,Преподаватели,en
Проблема с библиотечным аккаунтом,Библиотека,ru
Не магу зарегистрироваться на курс,Регистрация,ru
"Подскажите пожалуйста, Система не принимает заявление",Документы,ru
I do not know what documents are needed for visa,Иностранные студенты,en
не могу логиниться,IT-проблемы,ru
The lecturer did not come to class,Преподаватели,en
I have a problem: My transcript is not ready. Please help me.,Документы,en
Лектор не пришел на занятие. Помогите пожалуйста.,Преподаватели,ru
"Подскажите пожалуйста, зачет missing in system. Помогите пожалуйста.",Экзамены,mixed
не дает enroll в предмет,Регистрация,mixed
The schedule in the system does not match,Расписание,en
Не могу получить обратную связь. Это очень важно.,Преподаватели,ru
There is a problem with document processing,Документы,en
ашибка в оценах,Экзамены,ru
The system shows an error during authorization,IT-проблемы,en
I cannot get a certificate,Документы,en
У меня проблема: Не понимаю где пройти медицинскую комиссию. Уже несколько дней не могу решить проблему.,Иностранные студенты,ru
личный кабнет не работает,IT-проблемы,ru
не вижу пару,Расписание,ru
teacher игнорит сообщения,Преподаватели,mixed
grade ниправильный,Экзамены,mixed
"Добрый день, препод игнорит. Срочно нужна помощь.",Преподаватели,ru
I have a problem: I cannot download study materials. This is very important.,Библиотека,en
Нужна сдать аналезы для университета,Иностранные студенты,ru
кбинет не грузится,IT-проблемы,ru
"Please help, The library system is not responding. This is very important.",Библиотека,en
"Good efternoon, The paymant is stuck in the system. I need urgent help.",Финансы,en
"Здравствуйте, Проблема с библиотечным аккаунтом. Это очень важно.",Библиотека,ru
The results appeared with an error,Экзамены,en
"Здравствуйте, portal не открывается. Срочно нужна помощь.",IT-проблемы,mixed
Не могу зарегистрироваться на семестр. Помогите пожалуйста.,Регистрация,ru
Server error when opening the page,IT-проблемы,en
"Здравствуйте, Расписанние отображается неправильно. Уже несколько дней не могу решить проблему.",Расписание,ru
"Hello, I cannot open the exam sheet. I have been trying to solve this for several days.",Экзамены,en
digital library is lagging,Библиотека,en
My foreign documents are not eccepted,Иностранные студенты,en
У меня проблема: зачет missing in system. Срочно нужна помощь.,Экзамены,mixed
e have a problem: The book iz not available. Plaase help me.,Библиотека,en
I cannot complete the medical checkup. This is very important.,Иностранные студенты,en
Не могу получить помощь для иностранных студентов,Иностранные студенты,ru
The book is not available,Библиотека,en
Портал не отвечает,IT-проблемы,ru
I have a problem: The teacher gave me the wrong grade,Преподаватели,en
не вижу exam results,Экзамены,mixed
registration error,Регистрация,en
Счет за обучение отображается неверно,Финансы,ru
"Здравствуйте, Не могу получить доступ к библиотеке. Срочно нужнна помощь.",Библиотека,ru
"Please help, I have a problem with a teacher. I need urgent help.",Преподаватели,en
I have a problem: The pass result is missing. I have been trying to solve this for several days.,Экзамены,en
"Здравствуйте, Нет доступа к информации об экзамене",Экзамены,ru
Библиотечная система не отвечает,Библиотека,ru
нне могу оплатить общагу,Финансы,ru
Не работает личный кабинет,IT-проблемы,ru
"Подскажите пожалуйсто, teacher игнорит сообщиния. Срочно нужна помощь.",Преподаватели,mixed
I cannot complete temporary registration,Иностранные студенты,en
"Could you please help me, I cannot access my account. I need urgent help.",IT-проблемы,en
"Подскажите пожалйста, Занятие перенесено без уведомления",Расписание,ru
Error while requesting a document,Документы,en
I cannot extend the book loan period,Библиотека,en
"Подскажите пожалуйста, расписание кривое. Помогите пожалуйста.",Расписание,ru
"Good afternoon, The course is not available for registration. Please help me.",Регистрация,en
"Помогите, не могу скачать методичку. Уже несколько дней не могу решить проблему.",Библиотека,ru
не вижу exam results,Экзамены,mixed
"Здравствуйте, Конфликт с преподавателем",Преподаватели,ru
I have a problem: The test grade is incorrect. I need urgent help.,Экзамены,en
не могу оплатить обогу,Финансы,ru
"Hello, I cannot open the exam sheet. I need urgent help.",Экзамены,en
I naed access to course materials,Библиотека,en
"Hello, The payment is stuck in tha system. This is very important.",Финансы,en
Не могу открыть экзаменационный лист,Экзамены,ru
"Помогите, Документ оформлен с ошибкой. Уже несколько дней не могу решить проблему.",Документы,ru
расписание shows wrong classroom,Расписание,mixed
The results appeared with an error,Экзамены,en
не могу download книгу,Библиотека,mixed
The grade is missing in the system,Экзамены,en
"Помогите, Ошибка при просмотре оценок. Уже несколько дней не могу решить проблему.",Экзамены,ru
"Добрый день, Не могу восстановить пароль. Я не знаю, что делать.",IT-проблемы,ru
Не могу выбрать дисциплину,Регистрация,ru
Ошибка поиска книги,Библиотека,ru
"Pleasa help, Information about the class is missing. I do not know what to do.",Расписание,en
I cannot contact the teacher,Преподаватели,en
Лектор не пришел на занятие. Срочно нужна помощь.,Преподаватели,ru
"Hello, There is an error in the schedule. Please help me.",Расписание,en
can't enroll in course,Регистрация,en
"Добрый день, Оплата зависла в системе. Уже несколько дней не могу решить проблему.",Финансы,ru
"Добрый день, Проблема с преподавателем. Это очень важно.",Преподаватели,ru
не понимаю что делать с визой,Иностранные студенты,ru
"Здравствуйте, Ошибка сервера при открытии страницы. Это очень важно.",IT-проблемы,ru
"Good afternoon, The test grade is incorrect. I have been trying to solve this for several days.",Экзамены,en
"Could you please help me, I need houseng as an intarnational student. Please help me.",Иностранные студенты,en
"Good afternoon, The teacher is ignoring my messages. I do not know what to do.",Преподаватели,en
У меня проблема: Система выдает ошибку при авторизации. Уже несколько дней не могу решить проблему.,IT-проблемы,ru
"Good afternoon, The schedule is not displayed. I need urgent help.",Расписание,en
"Подскажите пожалуйстта, Система не позволяет зарегистрироваться",Регистрация,ru
"Здравствуйте, Не отображается статус документа",Документы,ru
"У меня проблема: Нет результата зачета. Я не знаю, что делать.",Экзамены,ru
Не могу получить справку. Уже несколько дней не могу решить проблему.,Документы,ru
registration на экзамен не работает,Регистрация,mixed
не могу register на курс. Это очень важно.,Регистрация,mixed
"Здравствуйте, class time неверное. Уже несколько дней не могу решить праблему.",Расписание,mixed
"Please help, The enrollment certificate is not loading",Документы,en
"Good afternoon, There is a conflict with a teacher. This is very important.",Преподаватели,en
There is a problem choosing the study progam,Регистрация,en
I have a problem renewing  book,Библиотека,en
"Помогите, общага для иностранцев не подтверждена",Иностранные студенты,ru
"Hello, There is a problem with document processing. I need urgent help.",Документы,en
I cannot contact the teacher,Преподаватели,en
"Добрый день, Проблема с миграционной службой",Иностранные студенты,ru
"Помогите, Не отображается регистрация но экзамин. Я не знаю, что делать.",Регистрация,ru
"Could you please help ma, I cannot open the exam sheet. I do not know what to do.",Экзамены,en
The teacher is ignoring my messages,Преподаватели,en
I cannot register for the semester,Регистрация,en
The schedule in the system does not match,Расписание,en
Неправильно стоит оценка за тест,Экзамены,ru
"Здравствуйте, Не могу оформить регистрацию по месту пребывания. Срочно нужна помощь.",Иностранные студенты,ru
"Помогите, Не отображается информация аб оплате",Финансы,ru
"Помогите, Не совпадает расписание в системе. Помогите пожалуйста.",Расписание,ru
The grade is incorrect,Экзамены,en
не могу upload файл на платформу,IT-проблемы,mixed
Не могу восстановить пароль,IT-проблемы,ru
I cannot view my results,Экзамены,en
не могу contact преподавателя,Преподаватели,mixed
не дает выбрать курс. Помогите пожалуйста.,Регистрация,ru
"Подскажите пожалуйста, Нет доступа к информации об экзамене. Это очень важно.",Экзамены,ru
The document is not ready,Документы,en
Ошибка оплаты,Финансы,ru
"Подскажите пожалуйста, не вижу exam results. Срочно нужна помощь.",Экзамены,mixed
"Could you please help me, I cann0t get medical insurance. I do not know what to do.",Иностранные студенты,en
The resuls appeared with an error,Экзамены,en
document status не обновляется,Документы,mixed
училка не проверила работу,Преподаватели,ru
portal keeps crashing,IT-проблемы,en
"Hello, I cannot download the document",Документы,en
The document ztatus is not displayed,Документы,en
Не могу получить обратную связь. Помогите пожалуйста.,Преподаватели,ru
"Hello, There is a conflict with a teacher. I do not know what to do.",Преподаватели,en
"Добрый день, Платформа не принимает файл. Помогите пожалуйста.",IT-проблемы,ru
"резы экзамена пропали. Я не знаю, что делать.",Экзамены,ru
document status не обновляется,Документы,mixed
"Добрый день, Не могу скачать документ",Документы,ru
Преподаватель не загрузил материалы,Преподаватели,ru
не могу login в личный кабинет,IT-проблемы,mixed
The document contains an error,Документы,en
I have a problem: I need help with accommodation. Please help me.,Иностранные студенты,en
"Здравствуйте, Не совпадает расписание в системе",Расписание,ru
Система не дает выбрать группу,Регистрация,ru
"C0uld y0u please help me, digital library is lagging I do not know what to do.",Библиотека,en
The teacher is ignoring my messages. I have been trying to solve this for several days.,Преподаватели,en
сайт универа keeps crashing,IT-проблемы,mixed
Расписание отобржается неправельно,Расписание,ru
The enrollment certificate is not loading,Документы,en
"Подскажите пожалуйста, Личный кабинет работает слишком медленно. Я не знаю, что делать.",IT-проблемы,ru
препод игнорит. Помогите пожалуйста.,Преподаватели,ru
The passport copy was not accepted,Иностранные студенты,en
"Good afternoon, I cannot register for the semester",Регистрация,en
У меня проблема: Материал заблокирован. Срочно нужна помощь.,Библиотека,ru
I have a problem: A registration error occurred,Регистрация,en
"Добрый день, ошибка регестрации. Это очень важно.",Регистрация,ru
The teacher replies rudely,Преподаватели,en
Портал не отвечает,IT-проблемы,ru
Пара исчезла из расписания,Расписание,ru
"Помогите, деньги сняли а статус unpaid. Это очень важно.",Финансы,ru
"Помогите, зачет не поставили. Срочно нужна помощь.",Экзамены,ru
"Could you please help me, Error while requesting a document. This is very important.",Документы,en
The pass rezul is missing,Экзамены,en
У меня проблема: Преподаватель грубо отвечает. Срочно нужна помощь.,Преподаватели,ru
"Hello, academic certificate is missing. I need urgent help.",Документы,en
The payment does not go through. I need urgent help.,Финансы,en
There es a problem wih the payment,Финансы,en
"Good afternoon, Exam admission is not displayed. Please help me.",Экзамены,en
"Подскажите пожалуйста, Аудитория указана неверно. Уже несколько дней не могу решить проблему.",Расписание,ru
The test grede is incorrect,Экзамены,en
Не могу прадлить срок кнниги. Уже несколько дней не могу решить проблему.,Библиотека,ru
"Здравствуйте, Не отображаются результаты экзамена. Срочна нужна помощь.",Экзамены,ru
"Помогите, Проблема с платежам. Уже несколько днней не могу решить проблему.",Финансы,ru
У меня проблема: Не могу зарегистрироваться на семестр. Срочно нужна помощь.,Регистрация,ru
"Подскажите пожалуйста, Не могу оформить медицинскую страховку. Это очень важно.",Иностранные студенты,ru
Не могу открыть электронный учебник,Библиотека,ru
У меня проблема: grade ниправильный. Срочно нужна помощь.,Экзамены,mixed
У меня проблема: Преподаватель поставил неправильную оценку. Уже несколько дней не могу решить проблему.,Преподаватели,ru
"Could you please help me, The class time is incorrect. Please help me.",Расписание,en
"Помогите, Система не принимает заявление. Помогите пожалуйста.",Документы,ru
"Здравствуйте, Ошибка в расписании. Это очень важно.",Расписание,ru
Ошибка в расписании,Расписание,ru
library account не работает,Библиотека,mixed
не могу registr на курс,Регистрация,mixed
Ни плучил зачет,Экзамены,ru
The document contains an error,Документы,en
Payment information is not displayed,Финансы,en
The schedule is not displayed. This is very important.,Расписание,en
"Здравствуйте, нне могу contact преподавателя. Помогите пожалуйста.",Преподаватели,mixed
"Could you please help me, my grades are missing. I have been trying to solve this for several days.",Экзамены,en
I have a problem: I cannot view my results. I have been trying to solve this for several days.,Экзамены,en
The schedule iz displayed incorrectly,Расписание,en
Аудитория указана неверно,Расписание,ru
"Подскажите пожалуйста, нужен certificate для визы. Я не знаю, что делать.",Документы,mixed
portal не открывается,IT-проблемы,mixed
"Деньги списаны, но платеж не подтвержден",Финансы,ru
"У меня проблема: payment прошел но квитанции нет. Я не знаю, что делать.",Финансы,mixed
"Good afternoon, The schedule is displayed incorrectly. I have been trying to solve this for several days.",Расписание,en
I cannot register for the semezter,Регистрация,en
аплата не проходит,Финансы,ru
У меня проблема: Результаты появились с ошибкой. Помогите пожалуйста.,Экзамены,ru
Ошибка при просмотре оценок,Экзамены,ru
Материал заблокирован,Библиотека,ru
library account не работает,Библиотека,mixed
"Please help, Exam admission is not displayed. I have been trying to solve this for several days.",Экзамены,en
dorm payment issue,Финансы,en
registration для foreign student не готова,Иностранные студенты,mixed
"Добрый день, расписание shows wrong classroom",Расписание,mixed
"Добрый день, library account не работает. Помогите пожалуйста.",Библиотека,mixed
"Подскажите пожалуйста, Нет доступа к информации об экзамене. Это очень важно.",Экзамены,ru
Нет даступа к информации об экзамене,Экзамены,ru
Проблема со страховкой,Иностранные студенты,ru
teacher игнорит сообщения,Преподаватели,mixed
Не отображаются результаты экзамена. Уже несколько дней не могу решить проблему.,Экзамены,ru
Не принимают копию паспорта,Иностранные студенты,ru
"Подскажите пожалуйста, Не могу скачать документ. Я не знаю, что делать.",Документы,ru
The system does not accept my application,Документы,en
зачет не поставили,Экзамены,ru
Error while veewing grades,Экзамены,en
зачет missing in system,Экзамены,mixed
Изменилось время занятий,Расписание,ru
"Good afternoon, The results appeered with an error. I need urgent help.",Экзамены,en
Payment error. I have been tryeng to solve this for averal days.,Финансы,en
Проблема с платежом,Финансы,ru
passport даннные неправильные,Иностранные студенты,mixed
The teacher did not upload the materials,Преподаватели,en
"Добрый день, нужен документ для визы. Срочно нужна помощь.",Документы,ru
Преподаватель поставил неправильную оценку,Преподаватели,ru
registration для foreign student не готова,Иностранные студенты,mixed
"Could you please help me, Exam data is not available. I do not know what to do.",Экзамены,en
professor ignores messages,Преподаватели,en
"Здравствуйте, препод не отвечает in chat. Помогите пожалуйста.",Преподаватели,mixed
My document request is stuck in the system,Документы,en
The tuition invoice is displayed incorrectly. I have been trying to solve this for several days.,Финансы,en
"Please help, The list of books is not displayed",Библиотека,en
There is a registration problem,Регистрация,en
The teacher does not reply to messages,Преподаватели,en
"Please help, Error while requesting a document. This is very important.",Документы,en
"Could you please help me, I cannot get my student ID card. I do not know what to do.",Документы,en
"Добрый день, не дет выбрать курс. Это ачень важно.",Регистрация,ru
"Could you please help e, I cannot pay for the semester",Финансы,en
uni website is down. I need urgent help.,IT-проблемы,en
Жалоба на преподавотеля,Преподаватели,ru
"Добрый день, Не удается скачать учебный маттериал. Этто очень вожно.",Библиотека,ru
Нужна академическая справка,Документы,ru
tuition payment problem,Финансы,en
"Подскажите пожалуйста, Платформа не принимает файл. Уже несколько дний нне могу решить проблему.",IT-проблемы,ru
There is a registration problem,Регистрация,en
электронка библиотеки лагает. Помогите пожалуйста.,Библиотека,ru
"Please help, Error while registering for a subject. I do not know what to do.",Регистрация,en
"Please help, The student portal is not working",IT-проблемы,en
I cannot access the library,Библиотека,en
"Good afternoon, My group is missing from the schedule. e do not know what to do.",Расписание,en
registration для foreign student не готова,Иностранные студенты,mixed
"Здравствуйте, резы экзамена пропали. Срочно нужна помощь.",Экзамены,ru
Error while paying through the portal. Please help me.,Финансы,en
Нет доступа к документам,Документы,ru
"Добрый день, Праблемо с преподаватилем. Уже несколько дней не могу решеть проблему.",Преподаватели,ru
"Здровствуйте, Проблема с преподавателем",Преподаватели,ru
Матириал заблокирован,Библиотека,ru
There is a problem with exam results. This is very important.,Экзамены,en
расписание кривое,Расписание,ru
Error while applyeng for a visa,Иностранные студенты,en
Error while registering for a subject,Регистрация,en
"Could you please help me, The teacher replies rudely. This is very important.",Преподаватели,en
Не могу оплатить семестр,Финансы,ru
I cannot view my results,Экзамены,en
У меня проблема: Портал университета зависает. Уже несколько дней не могу решить проблему.,IT-проблемы,ru
There is a conflict with a teacher. I do not know what to do.,Преподаватели,en
"Добрый день, Нужна помощь с жильем. Это очень важно.",Иностранные студенты,ru
"Помогитте, Занятие перенесено без уведомления. Помогите пожалуйста.",Расписание,ru
Error while viewing grades. I need urgent help.,Экзамены,en
A registration error occurred,Регистрация,en
"Could you please help me, I cannot complete the registration. I have been trying to solve this for several days.",Регистрация,en
I have a problem: Error while viewing grades. I do not know what to do.,Экзамены,en
I have a problem: The portal is not responding. I need urgent help.,IT-проблемы,en
"Помогите, Проблема с экзаменационными результатами. Уже несколько дней не могу решить проблему.",Экзамены,ru
tuition payment problem,Финансы,en
"Здравствуйте, Справка об обучении не загружается. Я не знаю, что делать.",Документы,ru
У меня проблема: не могу extend visa. Срочно нужна помощь.,Иностранные студенты,mixed
"Добрый день, Не могу оформить медицинскую страховку",Иностранные студенты,ru
Payment information is not displayed,Финансы,en
зачет не паставили,Экзамены,ru
I do not know where to pass the medical examination,Иностранные студенты,en
Сайт университета лагает,IT-проблемы,ru
"Good efternoon, I cannot find the classroom. I have been trying t solve this for several days.",Расписание,en
Нужно оформить РВП,Иностранные студенты,ru
"Good afternoon, The payment does not go through. I need urgent help.",Финансы,en
portal keeps crashing,IT-проблемы,en
The online platform keeps freezing,IT-проблемы,en
"Подскажите пожалуйста, Не могу оплатить обучение. Срочно нужна помощь.",Финансы,ru
расписание shows wrong classroom,Расписание,mixed
"Здравствуйте, Деньги списаны, но платеж не подтвержден. Уже несколько дней не могу решить проблему.",Финансы,ru
"Hello, The digital library is not working. I need urgent help.",Библиотека,en
электронка библиатеки лагает,Библиотека,ru
I have a problam: The e-learning platform is not loading. This is very important.,IT-проблемы,en
"Good afternoon, The digital library is not working",Библиотека,en
library account ни работаетт,Библиотека,mixed
"Could you please help me, The schedule in the system does not match. I do not know what to do.",Расписание,en
"Hello, course registation failed",Регистрация,en
teacher игнорит сообщения,Преподаватели,mixed
"Подскажите пожалуйста, Платеж не проходит. Это очень важно.",Финансы,ru
The study material is blocked. I do not know what to do.,Библиотека,en
"Здравствуйте, не могу download справку. Срочно нужна помощь.",Документы,mixed
"Помогите, ошибка регестрации. Я не знаю, что делать.",Регистрация,ru
"Подскажите пожалуйста, Не могу войти в систему",IT-проблемы,ru
"Помогите, Неверно указана оценка. Это очень важно.",Экзамены,ru
квитанция не появилась,Финансы,ru
Нужна академическая справка,Документы,ru
schedule is wrong. I do not know what to do.,Расписание,en
I have a problem: Error while paying through the portal,Финансы,en
"Could you please help me, There is a problem with residence permit. I have been trying to solve this for several days.",Иностранные студенты,en
Конфликт в расписании занятий,Расписание,ru
The digital library is not working,Библиотека,en
"Please help, The teacher does not reply to messages",Преподаватели,en
The schedule is not displayed,Расписание,en
Документ оформлен с ошибкой,Документы,ru
нужен certificate для визы,Документы,mixed
"Hello, I want to complain about e teacher. I do not know what to do.",Преподаватели,en
У меня проблема: Проблема с доступом к университетскоу порталу,IT-проблемы,ru
не вижу schedule на сигодня,Расписание,mixed
Библиотека не дает скачать файл,Библиотека,ru
I need help with accommodation,Иностранные студенты,en
"Добрый день, Заявление зависло в системе. Это очень важно.",Документы,ru
Не отображаются результаты экзамена,Экзамены,ru
"Здравствуйте, Документ оформлен с ошибкой. Я не знаю, что делать.",Документы,ru
Error while applying for a visa,Иностранные студенты,en
Преподаватель не проверяет задания,Преподаватели,ru
Проблема с визой,Иностранные студенты,ru
Портал не отвечает,IT-проблемы,ru
Нужно сдать анализы для университета. Уже несколько дней не могу решить проблему.,Иностранные студенты,ru
"Could you please help me, I do not know how to extend my registration. This is very important.",Иностранные студенты,en
сайт универа keeps crashing,IT-проблемы,mixed
"Please help, I cannot get medical insurance. Please help me.",Иностранные студенты,en
"Помогите, payment прошел но квитанции нет. Срочно нужна помощь.",Финансы,mixed
Не могу получить обратную связь,Преподаватели,ru
не могу upload файл на платформу,IT-проблемы,mixed
I have a problem: The class disappeared from the schedule. I have been trying to solve this for several days.,Расписание,en
"Подскажите пожалуйста, аудитория не та. Это очень важно.",Расписание,ru
The grade is unfair,Преподаватели,en
деканат не обновил документ,Документы,ru
I canot access the library. I have been trying to solve this for several days.,Библиотека,en
"Good fternoon, document request not processed. I have been trying to solve thiz for severel days.",Документы,en
registration на экзамен не работает,Регистрация,mixed
The teachar does not reply to messages,Преподаватели,en
Преподаватель поставил непровильную оценку,Преподаватели,ru
Не могу восстановить пароль,IT-проблемы,ru
My transcript is not ready,Документы,en
The list of bo0ks is not displayed,Библиотека,en
"Подскажите пожалуйста, Преподаватель не загрузил материалы. Уже несколько дней не могу решить проблему.",Преподаватели,ru
"Здравствуйте, Паспортные данные указаны невирно. Памогите пожалуйста.",Иностранные студенты,ru
I cannot gat a place in tha dormit0ry,Иностранные студенты,en
I have a problem: I cannot extend the book loan period. I need urgent help.,Библиотека,en
can't open my account,IT-проблемы,en
Не могу связаться с преподавателем. Это очень важно.,Преподаватели,ru
"Здравствуйте, Диньги списаны, но плотеж не подтвержден. Это очень важно.",Финансы,ru
Не получается завершить регистрацию,Регистрация,ru
"Добрый день, Конфликт в расписании занятий. Помогите пожалуйста.",Расписание,ru
registration error,Регистрация,en
"Please help, I do not have access to study materials. Please help me.",Библиотека,en
There is a problem with the payment,Финансы,en
The tuition invoice is displayed incorrectly,Финансы,en
Error while applying for a visa,Иностранные студенты,en
Ошибка в оценках,Экзамены,ru
There is a problem with medical tests,Иностранные студенты,en
электронка библиотеки лагает. Помогите пожалуйста.,Библиотека,ru
I need a document for my visa,Документы,en
Не открывается расписание в личном кабинете,IT-проблемы,ru
"Помогите, Преподаватель не проверяет задания",Преподаватели,ru
"Could you please help me, The teacher does not reply to messages. I need urgent help.",Преподаватели,en
"Помогитте, Пара стоит в неправильный день. Это очень важно.",Расписание,ru
У меня проблема: Не могу открыть экзаменационный лист. Помогити пожалуйста.,Экзамены,ru
course registration failed. This is very important.,Регистрация,en
payment прошел но квитанции нет,Финансы,mixed
The e-learning platform is not loading,IT-проблемы,en
Exam results are not displayed,Экзамены,en
I want to complain about a teacher,Преподаватели,en
wrong classroom in schedule,Расписание,en
dorm payment issue,Финансы,en
The money was charged but the payment was not confirmed,Финансы,en
"Здравствуйте, не могу pay tuition. Срочно нужна помощь.",Финансы,mixed
"Подскажите пожалуйста, Кнега недоступна. Это очень важно.",Библиотека,ru
